,uuid,name
0,ae34af12-e443-4ad7-a439-937df05ce9f1,Daniel Oliveira
1,a7a0842d-faee-4504-b314-4697ab56b33a,Natália Gonçalves
2,b91b912c-853a-4d68-9cee-975940c6c438,Srta. Laura Alves
3,886b5026-4304-4558-b354-4d096a16d9cf,Sr. Pedro Miguel Barros
4,25f376ba-4a29-4e60-bd60-7ca0c90c1e42,Vitória Porto
5,652e8aa7-d65b-4d6b-a6d9-c221ff13c80f,Juliana Costa
6,f3953582-704e-4004-b4ff-a0fdc948c940,Alice Rodrigues
7,45f6dd7d-43d2-4f05-b601-19f781586ca6,Renan Carvalho
8,84fec278-c2b7-4927-a897-3f41818c82fd,Emanuel da Luz
9,fc9249c9-c3d6-4151-91be-dd053e8086eb,Mirella Oliveira
10,ce01a1a6-a11c-4df1-a9a9-7617977c8752,Caroline Sales
11,cee10181-62ea-4a69-8af8-46bfc622cd90,Dra. Ana Pinto
12,34f8f9eb-41e2-404f-b775-3849c68c9663,Matheus Pereira
13,a05c1e0a-40dd-4263-baa6-814a00a8417a,Thiago Ribeiro
14,aaf7e953-dd38-43c2-b054-2b6e922616de,Marcos Vinicius Ribeiro
15,5f721a87-efeb-4a18-a9fb-bc9311bcd673,Dr. Luiz Henrique Correia
16,e8b419cc-91f3-4215-8b3a-0e805eb5f1fe,Noah Sales
17,42a19377-9bd4-4d03-8a8e-f1fcabcd0899,João Felipe Lopes
18,ef16034a-1f85-42f9-be2b-d40501d43382,Sr. Cauê da Cunha
19,40496ec5-8294-40a1-8bfd-2d23b9437c21,Beatriz Lima
20,e0c21264-e874-4e59-8e14-c7d56748aaf8,João Gabriel Sales
21,67d1c86b-2a57-47eb-b992-ff3938d0141e,Dr. Thomas da Luz
22,382d82f4-94c9-4735-afbc-aa21b23cabf9,Henrique da Mota
23,85db9208-70b0-4f88-8243-f1392f9e2463,Danilo da Mata
24,ff757845-358e-49d5-a04d-3045e2411a47,João Miguel Castro
25,b82afbeb-d873-4648-9231-4215cd1e0fb7,Kamilly Jesus
26,a025ba31-efc0-4c4b-b922-c7ea455bbd38,Brenda Rocha
27,c5bf116f-8abb-46d4-806b-d0075e4af017,Dr. Lucas Gabriel Farias
28,7ca964d5-adb2-437f-b392-3aee0dda8a1e,Bianca Silveira
29,ae9d0ef1-9867-44e2-8f6b-12fe78c96152,Helena Souza
30,2c7b7f5e-4f40-4cff-914f-15db92741069,Stella Moreira
31,451b7660-426e-41ed-87cd-2dd8f3dbf232,Henrique Fernandes
32,1900bce1-31ad-4bb3-85f4-3189bb834aa8,Fernando Pinto
33,374eb9b7-8593-4405-b8f5-3e928b5faff2,Dra. Maria Sophia Dias
34,6f011be5-5e98-4751-9aab-3291b1f030c3,Sabrina Cavalcanti
35,962ac68f-f3c5-4836-a423-0da06492d112,Dr. Raul Viana
36,a8c783d4-db6d-4b46-b81a-468ded1af79b,Srta. Joana Gonçalves
37,addbe86d-992a-4e66-8afd-9b61f59a8bc8,Eloah Barbosa
38,62ad4244-926f-43c0-9a84-92ce5f3fa186,Enzo da Mota
39,dab186dd-61b0-4a0c-b85f-41ee514080fe,Brenda Ribeiro
40,763dd822-16fb-4bf9-8929-781ef9a892bd,Maria Cecília Sales
41,db212c70-8607-4c93-92aa-59f4297f0e2d,Sr. Diego Pinto
42,c75e3589-40d6-432d-b1a7-b64728ba78e7,Caio Rezende
43,bac5353b-aee6-4096-81b3-4e32dd8df48f,Heitor Nascimento
44,dd46bdd8-ee4a-4200-ba6a-4aa49f35615d,Gustavo Peixoto
45,d2f3dc30-e3db-40c0-9c6c-f1494c61a69f,Alexia Novaes
46,196f9810-5416-463e-8d7f-36d1de44f7c4,Igor da Costa
47,ab3b6899-6a4b-4448-b889-64211b55198b,Ana Beatriz da Cruz
48,5e79dbf7-277c-4b7b-9afc-d020a63dfa09,Isabelly Pereira
49,cf9932a0-6568-46a7-862b-133affb03adb,Alícia Ramos
50,0ddc0f32-00bf-4719-8512-05970e025a04,Kaique da Mota
51,488379a9-46d4-4228-a7e3-7ac7fde77732,Ana Cunha
52,18cb5ccf-3023-41c3-8d6b-adbbf9b79ffb,Luiz Felipe Lima
53,bd649289-27c8-41dd-b9b9-b31622c4ca44,Ana Fogaça
54,3c5136ca-4f2e-4095-9867-e9ec83ef87b0,Isis Martins
55,d4606c28-8497-4aaa-8df5-1d8a24f2e630,Luiz Gustavo Pinto
56,a381711b-7f31-487c-a37e-e754a4c0fe28,Manuela Costa
57,401c75c0-d30f-4ec3-9d69-20086c4e19f5,Danilo Santos
58,0ededcc8-bb84-44c0-a0ac-64b2ff427227,Vitor Hugo Porto
59,c107f587-b5f8-4384-8ad1-6b89ef8bc3ef,Vicente Jesus
60,84f243fd-a0a9-4b5d-ac36-40f71b107f42,Sr. Nathan Fogaça
61,498d11b0-ff96-4b0f-b440-2291fc1a6804,Clara Lopes
62,ec3c5d28-b439-49d3-85b0-7c422e6775bd,Maria Alice Vieira
63,9fbc5889-5301-4e1b-ba01-ca7039a8ff4e,Marina Correia
64,864ab356-03b8-4e26-a8d7-5d1651d79376,Pedro Henrique Fernandes
65,38deef24-ebe5-44ec-b2df-37f8ef3e235d,Dr. Alexandre Nogueira
66,c5e21bf7-4a1e-4b37-a096-7bf835ebbf61,Thales Mendes
67,3fcb61a6-9b61-4ba9-ab72-71fabdf23968,Melissa da Conceição
68,3b95c48e-e813-42a4-9671-f5518e0ddba4,Clarice da Rocha
69,4e161185-fd12-4c2c-abf8-35bc19d70d20,Srta. Maria Fernanda Rocha
70,0c694216-54d1-4294-8dc6-49e0287538b3,Marcela Castro
71,8559ac31-3bbd-41ba-8566-1cca33059318,Melissa Fogaça
72,8adf330c-8cad-46b2-9689-39f2f85fc6d5,Maria Costa
73,92d0ed59-fe88-40e6-aa11-5462e0fbe14c,Fernanda Sales
74,6b4e8357-9f61-4acf-868d-020479c078b7,Thiago Porto
75,314f2760-8a54-4818-9b69-d97676624058,Lorena das Neves
76,1023f3de-636c-4cd0-a42d-6e733cdad342,Pedro Nunes
77,e7b1b264-f015-4d89-8c30-e0d6a975f07f,Sra. Sophie Viana
78,76d4de2e-53b6-41eb-b333-1ca360ee3b27,Gabriel Nunes
79,720cb2a8-06ec-4b7b-89c6-68315864fd81,Marina Novaes
80,199326e8-dd1d-491b-b738-3b77af7a6c13,Juliana Oliveira
81,8f4b6360-6601-4f5a-81fc-f194d1a7fdb8,Fernanda Rezende
82,2d254ffa-e98f-4021-9ad8-2a0d729b3a3e,Sra. Eloah Nascimento
83,d4ced6fe-33f7-466a-b5f6-b3752d91a89b,Juliana da Mata
84,6ddd6242-fb12-4545-a5ff-751642c63f61,Otávio Teixeira
85,375da63a-b813-4192-bf84-49372e7f25d6,Luigi Pinto
86,68b0fb6d-5226-46b5-aaa6-445b28d13c4b,Sophie Martins
87,24b014ed-cfdc-403c-926e-5c1c33aeffe3,Dra. Ana Luiza Lopes
88,9be77760-92ec-478a-9836-47e6173a97ff,Srta. Agatha Oliveira
89,0e847553-9267-47b7-94a4-010a28119ccf,João Miguel Cardoso
90,1325dc3c-32bb-4e2e-8d29-29d5f3912f41,Dr. Yuri Aragão
91,fbe1cacf-49b8-4cc0-85b3-df8a9680909b,João da Cunha
92,83af9c52-3cdf-487d-9cae-c7b889163ef8,Natália Peixoto
93,0e87ef2c-642a-4fb9-b24a-08b9d5fcda2e,Pedro Miguel Silveira
94,85e440f1-8410-4311-8165-aa7d7db98b4d,Vitor Fernandes
95,1259f78f-f2a3-438d-bb84-76a3c7ca060a,Carolina Moura
96,7386edad-e498-4cf7-8dfd-c990ef2dbe87,Esther da Luz
97,5c85b7b1-7d53-487c-bbce-9fb5064a051b,Francisco Cavalcanti
98,3bca90b5-65ff-4f4c-a4ab-df3f1ee39df1,Lorena Silveira
99,6b196530-e27c-4b42-9d8a-39c962476de8,Sra. Isabella Campos
100,57baa1ba-0bf1-4d07-beee-df695a9e1c8b,Danilo Rodrigues
101,a7bcafcd-c749-4643-832c-ad836307daf2,Sr. Juan Lopes
102,c73fe17a-fd9f-4aef-8d60-09ce34be6f6d,Anthony Sales
103,437c49b1-430b-4974-a2ce-88d2c2a5ca2f,Larissa Rezende
104,bda54a87-4a04-4966-a6f8-37047e2d9c07,João Felipe Vieira
105,3d0fa420-88df-4b11-a13b-b61d5c448602,Guilherme Lopes
106,854fa7fa-65f2-4f15-ad17-36ee35204106,Isabel Lima
107,5f6448eb-3427-471e-8f8d-0424a9cfd96f,Renan das Neves
108,8c8800bd-d598-4c9d-af68-2e3a6475fc35,Camila da Rocha
109,5fcd516e-de4d-406f-9d19-00edaa930ef4,Yasmin Moreira
110,326360a6-d84e-4870-b3d5-5e0d512a6ff2,Bruna Santos
111,966f1f41-0c9e-4292-a796-2c72d45ce689,Thiago da Paz
112,e8a0be9a-07d0-4f96-ab07-e67433344f02,Maysa Moraes
113,db46bfa2-f47a-4667-974c-9b49a6ebbe94,Theo Correia
114,9f9d4932-1e93-4a34-b12c-ac2421d2fc48,Beatriz Barbosa
115,5e8e6328-238b-4983-bf13-9ff300f5574e,Kamilly Castro
116,35e5daa0-7755-414b-9637-10b7c3afcf55,Alexandre Cardoso
117,6c7c3cce-152a-441f-864c-65e19508ede7,Marcos Vinicius da Paz
118,cfdcc4c3-3f95-42a0-9e76-6619b4d92223,Nicole Alves
119,115925d9-7d0f-4c42-a558-3ce83679056a,Sr. Enzo Duarte
120,e54a7313-3379-4960-b322-55fede119c48,Vitor Gabriel Cunha
121,a3f1da89-9f98-46e5-b3ec-56342148f2ae,Luiza Jesus
122,2bdae145-094c-495f-ba87-ed2ccc2da365,Sr. Davi Costela
123,47e727dc-159d-4219-857c-e52f3c12114e,Sr. Rodrigo Caldeira
124,9d1cd85f-9b53-45ab-8ce8-34ae636ea3b4,Dr. Diogo Silveira
125,a76e6ce1-a464-4524-92ac-71ce12133896,Fernanda da Paz
126,bfed80f3-998f-4a6f-97d8-673632d54390,Dr. Breno Cardoso
127,37b3dea9-ae21-407c-9575-1ae938408eb1,Dra. Lívia Jesus
128,450afe6a-e17d-4101-9358-caebefef08a6,Ana Laura Carvalho
129,0aac5076-6470-4519-9bdd-30c5e025fb7a,Sr. João Miguel Caldeira
130,5b10c8a6-2216-417e-942f-624ffc88254b,Davi Santos
131,35da138b-8ea0-49bc-921a-ffd027f362b8,Sophia Dias
132,6655e485-29b3-4258-b057-5f9a8c9128a9,Benjamin das Neves
133,57216cf8-ab23-40af-80a6-349abbf94726,Luna Silveira
134,a9cd0b87-c69b-48c7-96b1-80608ed40589,Arthur Costa
135,b44d0099-baae-4635-9f94-9d5ca5b62919,Danilo Fernandes
136,0a056d58-7444-4b1e-83ca-80d378f291ca,Lucca Jesus
137,566d900f-8fde-47d0-bdaa-a0c0e20fe8f9,Emanuella Teixeira
138,04bbc8b4-d8ba-4588-9ec1-f7daf6c1773b,Stephany Martins
139,d34cb100-e17b-4e99-9f5c-13f21a438aa2,Giovanna Santos
140,ab3b3790-3134-4a5c-a81a-f84f82fb7c84,Sra. Maria Eduarda Rocha
141,92a13fd5-7955-4fc8-9f25-f08fbc300edc,Dr. Davi Lucca Vieira
142,08a025d8-ff62-4de9-888a-705268afe1c2,Breno da Cruz
143,4b471342-d75b-41af-9b7c-2ccdb97e24ea,Emilly Oliveira
144,372a7c39-cbcc-4835-b866-f3494f1b435d,Gustavo Pinto
145,f53cc772-b2f6-43fa-97ce-987a3bba059c,Sra. Milena Cardoso
146,991254d5-73b7-47ca-9145-3b70f871ad9b,Ana Clara Jesus
147,b408595c-fdc1-48c9-925f-d3d5c0472ae0,Dra. Fernanda Aragão
148,ebffb842-8ec5-411c-b736-0ee2c22cafc7,Pedro Lucas Teixeira
149,b89f96e9-d57e-490e-8105-7365558d9b5f,João da Luz
150,89d7a954-4fcd-44e9-8655-ebda77e44f9d,Murilo Porto
151,cbee5d60-e9ef-476a-9b0e-b97c38f9e4fe,Maria Julia Teixeira
152,d4aa6be9-93f5-4eed-a60d-31a8d599c1dd,Gabrielly Silveira
153,d41501f0-e9ee-4ffb-93ed-dc0366a0c4cb,Emanuella Azevedo
154,bb7caf74-cc81-465a-b062-f4630c2c103e,Gabrielly Monteiro
155,5c7d45ea-6c29-4534-973a-2b1caa71ed95,Dr. Diego Oliveira
156,4366089d-4bfb-4e24-a497-d5529c6668ac,Caio Viana
157,3de74af8-c15d-42f6-9683-d41ff54289de,Sr. Enzo Fernandes
158,090baa90-85e7-4446-be55-ee24e61e6643,Davi Lucca Pinto
159,ccbe9580-c2b5-41b7-8bf3-d972d4913985,Julia Cardoso
160,aa501f29-5470-4abb-9e3f-7310143329ef,Srta. Lara Cardoso
161,534dda44-580a-4063-8d01-a595462f14bf,Sr. Vicente Silva
162,c0c148a4-c147-4432-9756-5d278aa65a3d,Renan Martins
163,fbe54ec1-e79d-4bda-893e-9e4e3b3baeca,João Guilherme das Neves
164,132ee83e-45cd-45b1-aff7-467143235933,Joaquim Correia
165,461a1af8-4c86-4024-9dac-d26f0230890c,Lorenzo Silveira
166,f5a600f5-eb03-4b37-9d97-90b80e27d693,Mariane Vieira
167,f6a93720-5b8d-4b18-9702-5779c47d1e9a,Diogo Martins
168,444b1d6a-9f4f-4bee-b42f-f0515d82c785,Levi Jesus
169,13121510-491f-4e82-b3ae-44d9dbe3a5db,Miguel Rodrigues
170,21a83133-1eea-4469-8960-c93b5b808889,Isaac Nogueira
171,4cc182d3-a90e-48fc-aab7-9bf7851a06e3,Dra. Bruna Costa
172,dc65ee5a-7af2-485a-8112-5338ffe5bc33,Enzo Ferreira
173,2d89bc03-a08e-4025-abce-568f46882b17,Vitor Oliveira
174,6d4fd618-ecf2-4346-a2f8-e459545ded97,Dra. Helena da Mota
175,cbeb21d8-85d7-4cd2-b7fe-66d9b97be3a2,Sra. Ana Vitória da Rocha
176,d7488b96-e5bd-4eb6-a657-d1983598946a,Enzo Monteiro
177,d32927ba-7f93-4f21-819f-bb7764228041,Danilo da Cunha
178,aebf0cc1-dd68-4ee4-9211-ae5731201571,Marcos Vinicius Monteiro
179,1854be70-e6e5-49c4-80d8-8dcad6155f36,Carolina Castro
180,d3573a75-03e0-4bf3-88da-aed8045160ed,Alice da Conceição
181,661dba49-62b2-4bc6-b983-8d18edfbc98f,Dr. Diego da Mata
182,49cefc33-f940-4c39-b40a-ba688ae4bd9a,Luiz Miguel da Cruz
183,ec17a3ef-7af4-445a-99bc-03f8cf558b29,Dr. Ian Caldeira
184,05301171-2ffb-44fb-8418-c2552a2e3d60,Dra. Stephany Monteiro
185,157b4d3f-f276-49a4-ad1f-454063d8f79d,Srta. Ana Julia Caldeira
186,c38853ab-f206-49f3-aa7b-867235c12cf5,André Fernandes
187,a970789e-2b32-4584-bfb7-018c08dbfa6e,Pedro Miguel Nogueira
188,bece1c70-3740-412d-b625-ededa6195e01,João Lucas Nascimento
189,fe645489-8fb5-4040-98eb-0098c5c3d583,Lívia Fogaça
190,402c4b8f-3404-48fc-aed9-239f1105db57,Bárbara Aragão
191,9f925923-6021-49f6-ac54-3a035535588c,Clara Lima
192,a4a259a3-19d0-4578-b8ca-241a1a96386e,Diogo Moraes
193,519b62ac-96df-428f-a553-4463a4d3b6f4,Giovanna Lima
194,566dc510-f003-4c9e-990f-995a49a9ae0a,Laís da Luz
195,c61e2e83-8a19-4c9b-84a2-fdee59b7d94e,Ana Beatriz Nascimento
196,4b7211df-0230-4955-9684-1a899342c79c,Maria Eduarda Silveira
197,01f6f527-4d4b-478b-984a-079b07cbd05e,Luiza Souza
198,7578119b-7218-425b-909b-1e0ddd91f318,Maria Fernanda Azevedo
199,d7fec74e-6d15-4048-9008-8a5d4f6958c8,Maria Clara Barros
200,3cce2f43-be2f-43e6-9969-592205780846,Dra. Maysa Silva
201,e9feab20-5fe9-476d-a1e5-d97aef9c178a,Natália Costa
202,170864b7-c07d-49e9-a92c-51548d35ed07,Daniel da Rocha
203,3e013841-99fc-4b40-a68f-f9d635e99789,Alícia Souza
204,af2852d5-e34e-4741-8619-4a7da69c5adb,Pietra Moreira
205,b10295b5-b313-4acb-a1fb-c1a2e4be3227,Alana Lima
206,7ef72174-2595-4c6e-bb83-13e35db31c4d,Carlos Eduardo Aragão
207,f40bcf78-3093-443a-ac5b-d012c6099536,Maria Luiza Pinto
208,1c65d712-0467-4fef-9744-d63d9f4268f4,Otávio Ribeiro
209,7eb87c09-27a3-47ba-ae05-1c008f5ac59e,Alexia Azevedo
210,8d40c207-a966-423d-99b8-19c119229d30,Luiz Henrique Carvalho
211,91151b53-c68a-40d3-b2af-23a994d2f58d,Sr. Vicente Ferreira
212,6b853f3f-49dc-4bdf-bbd2-a05fa009db05,Alexandre Campos
213,2c962e40-f588-4f18-bca7-f512f2339783,Murilo Costa
214,3a734556-c26a-4eb2-9d11-f3d14550e880,Srta. Caroline Alves
215,84b30ae2-9031-4956-a4f8-e20e00698931,Alana da Costa
216,4d5013cc-1279-4f1d-862d-8a499c53921a,Sr. João Felipe Rocha
217,515d4dd4-3909-4a00-b3c4-8901f039127d,Cecília Barbosa
218,6877a4ee-1012-40fe-83ad-1262e1ed5a6c,Dr. Luiz Otávio das Neves
219,7fb8145a-8562-49fa-8fb8-fdf90949a741,Eduardo Nascimento
220,c486f704-1660-438c-bf7e-78f185836cc1,Davi Luiz Almeida
221,2cd2506a-a897-4634-abe4-88673254f116,Vitória Ferreira
222,7c745191-a77d-4d7a-901b-d1af4efcd9fc,Emanuelly da Rocha
223,5a5582a8-ba88-468a-9e52-1329ae2037d9,Pedro Gomes
224,98dcf97f-ab5b-4659-8e16-6aafe0bae04e,Sra. Maysa da Cruz
225,07fe7f35-0e0b-4cff-8da0-e0492e7aaad1,Ana Júlia da Paz
226,e2f41cfc-5f3d-4ef5-af55-acf144af13ea,Enzo Gabriel Caldeira
227,04105ff0-4e8c-41b7-a6d9-6e655dc3ca57,Dr. Vitor Gabriel Caldeira
228,5f74cf75-64a6-489e-a445-c9156e826b84,Heloísa Farias
229,c2159780-db16-463d-b9a9-18d8951b70de,João Moreira
230,edbef6e3-67d5-491a-bfa7-acfe2ecc462d,Emanuel Nunes
231,51e3fc6e-48bb-4e92-b28c-f182c07c0746,Maria Clara Lima
232,886db546-2461-46f4-9032-dbc919986868,Emanuella Gonçalves
233,d3d3cec1-373b-4adb-9843-0a928a5a41a1,Sabrina Gomes
234,c60a2efe-3165-4555-875f-c7d420b1ca07,Bruna Farias
235,d2e78415-4b16-4c7b-aebc-f226553dd6c3,Nicole Almeida
236,11ff7ddc-e042-4032-8f01-3fe8eaf5ffa7,Bianca Ribeiro
237,072e0c60-bc3b-4c22-b5af-74f5539909bc,Caroline Lima
238,a785eba4-8854-4744-b42e-f078ef3b6627,Dra. Laura da Costa
239,1024a76d-f7d1-4f02-8f4a-c520bc06da6b,Eloah Mendes
240,152d0ba6-8df7-408b-9895-80c3dfdcc531,Ian Rodrigues
241,ad59687a-04b2-43bf-87b7-c7a3633b2445,Pedro Henrique Nogueira
242,60d34ab0-534a-445f-904b-199c5eeffa7f,Mariane Silveira
243,5b38e64f-cf08-469f-b606-bc243c514d57,Manuela Moraes
244,1c44e9b6-7f5a-4e0e-80fd-017c9a37f075,Luiz Miguel Moreira
245,638a82f1-734c-4394-bc15-dd440c3b7ac5,Levi Peixoto
246,fb3ec398-689f-4f01-86d0-608e644999c9,Evelyn Teixeira
247,3acfcbf4-8067-4e73-8ae0-3b936f2d5fc6,Levi Correia
248,d5f95400-936b-43a1-b7e1-8219d1bbf0cf,João Felipe Campos
249,f9f8f459-7d0e-46b7-b97b-bf8e61703a7d,Emilly Costa
250,9ec3dc19-42ab-4894-bde4-698fa6728a22,Ana Sophia Oliveira
251,8b63221c-87ce-4e75-b52f-645d5943486d,Luiz Gustavo Lima
252,cbc0dfda-c12c-4400-982f-613e738ec0cc,Olivia da Mota
253,d8f0aecd-d37d-4538-8cfc-f6c1ab0b7e97,Dr. Nathan Duarte
254,16cb8c80-792f-43e5-9f2e-7ac677d187fb,Gustavo Souza
255,7952af6e-80ac-4e1f-a55d-ebe1c3d09c96,Helena Barbosa
256,31c05c7c-5d90-4954-bef9-e8ca2c491c17,Sarah Oliveira
257,fed7b74d-2525-4ec0-8395-c7384a4722cc,João Felipe da Conceição
258,70a1f988-119d-46e5-8ae6-e9ad0545856b,Maria Eduarda Silveira
259,9c433c17-da81-4591-8cf6-471c46dddd27,Bárbara Teixeira
260,f1f07341-d751-48e8-9c65-e76a97955f4a,Dra. Evelyn Pereira
261,80c641ba-b880-4a8a-b315-1bf90e8c671f,Luigi Moreira
262,5c64c88f-0e3a-48b5-8a28-2d77d52cdc87,Ana Carolina Rezende
263,7801f56b-34b0-45b0-b4a2-8d259f7adc9e,Cauê Dias
264,a972789f-5377-4854-8a17-ef17de4e2f2f,Eloah Carvalho
265,1ff3e647-53e6-4513-8195-7ed8435fcd03,Pedro da Cunha
266,8f975a1e-d86f-4dc0-b27e-53e74a58edd1,Ana Clara Dias
267,ceaf5e49-712b-447e-a2c8-6fbf5fbd61e9,Benício Teixeira
268,a19c70e3-f228-4a53-b81b-832f57a5a629,Maria Eduarda Costela
269,275bc660-ff3d-4418-9a2f-3ac85987fe1c,Dra. Júlia Silveira
270,32a9d2c0-6c03-4c94-8f3d-06e2d0af94ed,Maria Fernanda Moraes
271,09115c2c-3d09-4166-98cd-c7fece9e3185,Murilo Araújo
272,2fe3bee9-17bc-485b-ba9a-55dbee1ebea5,Srta. Caroline Ribeiro
273,138ada0f-62f3-4ebe-a8b7-c58f9af1990a,Laís Cardoso
274,92cd07a6-efcf-4083-9bb2-65b10b559604,Ana Laura Mendes
275,80fde1ad-299c-4523-bfb4-bd082ed14b41,Rafaela da Mota
276,9f3e90db-c517-42b2-b97c-41acda0ad792,Ana Carolina Correia
277,33e1d5e1-160a-4b58-a0ff-3280a949f1f8,Bryan Monteiro
278,1d177835-f182-4be1-a7a8-21ef2039b491,Vitor Monteiro
279,f09ca214-be0a-4f89-ae7d-4ba838a90216,Fernanda da Paz
280,b7cedde0-58e4-43b8-8868-4405e809161d,Lavínia Viana
281,6c1ce3bb-94fa-4900-92b3-484f940deaf0,Sr. João Guilherme da Mata
282,e6f9c0ef-7a1b-4b52-81fc-a20b75492ce6,Emilly Oliveira
283,610db8d7-e072-4a55-a626-231d7155b045,Carlos Eduardo Pereira
284,dbdc6315-29c5-47ae-9415-2481aba6366b,Pedro Henrique Nascimento
285,9ebc9128-9f8a-423d-83e2-5eff2f772e54,Lavínia Fogaça
286,907a37b7-23f4-4656-b905-3198462df1ec,Luiz Fernando Ferreira
287,7beb5d9a-fa1c-42f9-bb40-3afb0d30347b,Gustavo Henrique da Paz
288,4260dfcb-8589-422b-b0a0-233c3bb6287b,Larissa Rodrigues
289,da4e816c-fa72-4859-8c9d-3165b9dd9b95,Matheus Pereira
290,0c540fc8-46d7-46f3-b591-faff60079c1b,Lorenzo Costa
291,1ff94351-8f88-4376-91cd-ad1babc0391e,Pedro Henrique Peixoto
292,e3d0b240-856c-40c5-8ba0-e37870b5cc42,Pedro Lucas Fernandes
293,0b0d142f-236e-4fad-8e40-da46c1fca07d,Dr. Murilo Silva
294,e24ce3e9-70ca-481f-96d9-91882e266028,Srta. Amanda Carvalho
295,08bb1871-a852-4302-be01-a34a8337a772,Melissa Nunes
296,ee6ad4b9-d93e-45af-8438-0ec9b684ec85,Maria Vitória da Mota
297,0b4ca4c2-1715-4260-bf27-7bf798b3673f,Julia Jesus
298,f4634984-80fa-49e8-8712-c88e3f3776eb,Enzo Gabriel Moraes
299,027da6bb-d6ac-4f3a-a3bf-0fb9a0a29045,Anthony da Rosa
300,7a793281-4ecf-4742-a0db-034a8a27f85e,Lorena Viana
301,b19e2e67-f6fb-4b8d-8510-41060d9fb198,Beatriz Silveira
302,0cf91450-4708-4dd4-88fc-975ed5767f66,Cauê Nogueira
303,a657fbc6-8543-497e-874a-5315f31ee57a,Kaique Farias
304,88fa7130-5686-4e25-b91f-69f8e55c578d,Srta. Júlia Fogaça
305,688ef8e2-b172-4cea-aff7-3a1ef5d55263,Thomas Gomes
306,cf55e6f7-e939-4248-8dff-c364f72f9a6d,Sofia da Costa
307,7509973a-2b97-4877-8fe4-e5d96af72ae0,João Guilherme Novaes
308,0c21b934-e645-4a75-9d5a-3b684635cae2,Isabella Oliveira
309,7f2a266e-4048-45c2-bf13-95771eef6db1,Isadora Martins
310,2711fd9e-7d6f-403e-855e-fc4df9100970,Maria Luiza Correia
311,155c270c-6e54-4879-b6fe-f9e17b788312,Lucca Mendes
312,acb4ad5d-7121-45d9-a236-984ce08c922a,Erick Carvalho
313,3784ca68-cb81-4a1b-9a95-36f8c9d43477,Davi Sales
314,bea6c88c-8c97-4115-8a8d-41f7eb88b7e0,Catarina Almeida
315,45624f9b-9ee9-405e-b79f-6a37063698d8,Erick Farias
316,effebce8-4b4d-4740-bab1-34a648da0ac8,Dra. Fernanda Cardoso
317,57685224-1813-44dd-a9fe-fe7f7ab00812,Heloísa Freitas
318,dc9b4449-7fe0-4b90-9973-d829719cd8b3,Isabelly Porto
319,e05c9f9c-934d-4560-bdd1-73a6df974aaf,Fernando Gonçalves
320,56158902-4116-4a9c-b79a-78692a91d31b,Theo Melo
321,615125cb-598c-45c5-9159-c1bc030c8513,Lucas Gabriel Viana
322,67af1515-720b-4da2-b156-2352a8b95bc3,Ana Vitória Moreira
323,e6271e69-9e49-4622-93d3-7726c0b647ec,Benício Rezende
324,4086c09a-0d42-49db-b3c6-b0d4fab3323b,Elisa Cardoso
325,c854b274-78b8-4572-9de0-491e6460e303,Sr. João Vitor Mendes
326,23e02948-8972-444c-8749-3e6d03be2177,Francisco Vieira
327,57d61a94-e3c5-455f-9dc6-29912bbaebdd,Sr. Thomas Souza
328,58f98921-2ef4-4090-a09b-8dbdaa975dab,Lívia Caldeira
329,18ef2919-bc04-4c9e-a5a0-2abe42b12a05,Sr. Ryan Ferreira
330,76b4e9a8-7631-4e8f-9512-4d77b84151f6,Levi Silva
331,42083d75-427d-4593-8076-522825aeb839,Vitor Gabriel Teixeira
332,1487c757-6d05-4a0e-bffe-04b886c2aaf2,Emanuella Cardoso
333,32163cbc-d749-44f0-b522-9225f03c438c,Benjamin Cardoso
334,a6fb1b64-8b9f-4744-af7a-2680852fd707,Igor Nunes
335,e05a4a25-823c-4901-9b8f-ec5c1dff4e98,Benício Fernandes
336,2359ef08-5ccd-48a9-b3eb-79ed0245aa35,Srta. Alana Melo
337,5dd0824d-156b-40e7-8e34-7dad2065a9cc,Dra. Manuela Silva
338,ff40e1ac-6c39-4791-a46b-2e92b8d17480,Sophie Rezende
339,d68da7d7-5f91-4af7-8f67-8879d859d7b1,Ian Ramos
340,8472844f-30eb-4435-bb88-21cff9d7c41d,Davi Lucas Viana
341,4d9db10e-7225-45a1-a3f0-2f02026e57bc,Dr. Danilo da Cruz
342,9939d0e1-3b1e-4ef0-a0b0-b8e6a7c55fd7,Nicolas da Paz
343,6607bf11-426f-4b96-b910-254e36fff54f,Alexandre Melo
344,244f1469-6d45-4866-8ca1-c5edc3eb7811,Sr. Kevin Aragão
345,ff7d1cfb-e2ac-4670-a199-24072422cd7e,Amanda Monteiro
346,dda05ffe-c166-4358-b16e-213cdc832e5f,Bruna Carvalho
347,f094c65a-cc3b-47ab-b3b3-01d8652c7e16,Diego Pereira
348,2b0ea262-b391-47c2-9acc-a79b751e46b0,Ian Barbosa
349,0ad0ffc3-26a2-4b92-86b8-782396642c1e,Juliana da Conceição
350,7706495a-9ab9-4f06-9bdb-48021d804f43,Marina Pires
351,bbbc1726-ce94-4169-96ff-cf308517cea5,Luiz Gustavo Ramos
352,d6d2aead-da02-4e66-8b09-e0c308c0d28e,Sra. Raquel Monteiro
353,7c32351e-73aa-4d61-ad6e-24bebed3754b,Rafael Cardoso
354,569ecafd-b994-45aa-b90a-4732aed1e587,João Santos
355,cf5277f6-8353-4507-90b3-72073fd27f96,Ryan Correia
356,4139668f-a802-4fa9-b2ac-e2517f9d22ac,Dr. Anthony da Conceição
357,6ec8eb2c-2b68-4090-920a-a582005cd225,Catarina Souza
358,6ce2bd90-e691-401c-b86a-56b4e11cdb2c,Yuri Silva
359,d86d64b0-18b8-40f7-8c6c-49426addb6fc,André Castro
360,068b9fdb-309a-49d9-87ac-4c0b364f8594,Eloah Araújo
361,90e2eb74-4db3-4c4a-84e4-e3d4661e2d8c,Lucca da Conceição
362,c069c665-ae8d-4928-b972-5ce6ec343342,Raquel Rocha
363,aa46511a-9651-485e-b507-7748cc2edb8a,Rebeca Vieira
364,b4cbcc91-3c5a-4996-9bb6-d96a87ab899e,Dr. Caio das Neves
365,8125ceba-cd4d-463c-86f8-77d69d2eb467,Isaac Souza
366,5994c16d-9f39-4cb6-9ad5-920b2bc7c3da,Júlia Campos
367,e464a1a3-becd-438d-a0b3-28b39bc90ccf,Fernanda Barbosa
368,36194869-e531-4347-b7a6-47634b93085f,Alexia Cunha
369,0ec381fd-d661-4295-b1b9-1169e0251056,Eduardo Farias
370,c36ebf31-7650-411d-89e4-4e1141fcf981,Emanuelly Martins
371,870b6aca-7ad9-4709-a073-76fc038b594e,Bárbara Cardoso
372,15fd2afc-50d1-46d0-a882-c33498838b33,Isis Oliveira
373,5f702d4a-3342-4e08-af40-8fcbcac65efd,Letícia Novaes
374,01ab22d4-8438-4706-b030-0050c5b524f9,Kamilly Souza
375,a6b3ad47-61a0-4c11-9797-b652137dd47a,Vinicius Duarte
376,2e2a888b-65b5-4cb9-8be1-385d4baebdde,Sr. Rodrigo Almeida
377,dedd5131-5141-43f9-9ce5-f057d177b55f,João Lucas Araújo
378,2e01b487-25ea-448e-bbde-6ad5ae5e5b8f,Daniel da Conceição
379,89fea2f6-601e-4ec1-b85b-5cec0fd51381,Lara Jesus
380,ba2fa9b9-806b-4de9-9ebe-d59a92cd9925,Bianca Cavalcanti
381,ec850968-7e8c-478b-822d-e52d2b35f45d,João Felipe Fernandes
382,ae9933fa-a78a-4f5b-b937-ab20c91d926c,Francisco Martins
383,6a09dd0a-f7c8-4b58-81fd-45e286485bd1,Ana Julia Nunes
384,7103b638-b4a8-4c20-a7af-2e40b59eea09,Amanda Peixoto
385,71f542e4-5236-47f8-8358-69eb325c0a1a,Nathan da Luz
386,74e1dde1-1570-43df-a939-5a123f9bd773,Luna Cardoso
387,1846ad17-80be-4d55-9053-050afb7046d3,Luana Pinto
388,eb2a5e45-46ac-4b18-8b53-7924283a7760,Matheus Fogaça
389,5cf7c450-c6f4-494b-8526-3d6a330db7a1,Vitor Hugo Rocha
390,bc940a28-bb3a-48ce-ba21-3750dc030a76,Caroline Jesus
391,b1787e14-20c1-4b92-ac9f-d2d642932935,Vitória Rodrigues
392,6a9300b9-3450-49e0-94cc-d6e115f9694a,João Lucas Cavalcanti
393,7dd75775-9302-483b-83a4-ca7838d25133,Sr. Bryan Nogueira
394,9a1467ac-cab7-4b2c-afd7-07971fb5244a,Lorena Nunes
395,4cb6aff9-57bd-436e-bc83-fbe87f7a6fd7,Maria Luiza da Mota
396,3f99d711-e2b2-45d4-9e9b-2da6179df3a0,Laura Nunes
397,9cc49e1e-9166-48d4-b7cf-57a70d68287a,Sr. Lucas Gabriel Melo
398,f12ad810-4833-40cf-9c65-ddd690b4f86c,Maria Luiza Novaes
399,136ff129-9324-44aa-9332-120c2b2f07ba,Vitória Moraes
400,8eceebb0-e03c-48b5-b499-7db039f084da,João Gomes
401,f549c2a5-ba5e-46a1-ba18-82a450e0be79,Kamilly Rocha
402,4758718d-80b1-458d-a432-50a3b28e7228,Isis Lima
403,d47baa39-b8f3-4714-a293-236000d4b5c4,Sarah Cunha
404,0a457466-d9fe-43ce-a61c-4868c1b2679d,Isaac Pinto
405,1dd7d8db-ef04-423d-aa26-02ea41b9336a,Otávio Viana
406,5fa80392-4759-41bf-bafd-49d65262441d,Srta. Ana Rodrigues
407,95e094bb-02f3-4df6-ac0c-57280802a4ef,Davi Lucca Nascimento
408,79fc1540-f53f-4d08-b35f-7e5727692eec,Leandro Nogueira
409,7d75197d-ab2e-4661-b173-9a77d7879e04,Luigi Cunha
410,0e89dd1f-9f5e-4766-bdd2-2c8b01bf3f55,Nicolas Fogaça
411,10a990fe-8f92-4ee5-a3a3-b95044400359,Yuri Pinto
412,93fa98cc-f416-434f-a782-287cf9d2953c,Eduardo Santos
413,f74f0287-9234-48a8-8cae-0f6472baa18b,Danilo Duarte
414,be815b37-e961-4c0d-8ee0-fc2e3a386b00,Luna Pereira
415,adb48ae3-33ab-4eb3-b76a-fc001695ded2,Emanuella Silveira
416,d6f2dbd1-4a2b-42ca-9d14-1a9d93254fda,Ana Laura Teixeira
417,e7c647dc-9c8a-43b4-ab99-10cc192706d1,Heitor Rocha
418,a2b2cdcd-84d8-437a-9bc0-ff5a07b8a6ed,Joana Monteiro
419,6352c91d-d2fa-4c4e-bb6d-ca7172bcda8a,Stephany da Costa
420,7ea4a54a-6e98-4b55-b5b4-6110cc960636,Sr. Guilherme Silveira
421,538fdd21-ba73-4c5b-a6f6-03d520e8647f,Ana Clara Souza
422,85fafede-a798-4038-bb27-fe9dc20b919b,Luiza Costa
423,ba2ab487-c75b-4087-8357-b8ada4392589,Dr. Gustavo Henrique Sales
424,12632ecb-48da-486e-bbd0-163d1728a1eb,Vinicius Santos
425,f38a4950-bc0b-42d6-bc36-eefb83503ef8,Gabriel Fernandes
426,5259ff6a-bf65-4d63-be17-bb3a29fd891a,Arthur Nogueira
427,748c3d5c-8aa9-4e62-9cf7-d69f485c5972,Felipe Ramos
428,fdab2721-c821-4f49-93b2-aa801ee7a24d,Bruna Castro
429,a8805e2a-c99e-4b06-8bd9-1c5e7599d576,André Almeida
430,fc5651a1-5b43-417e-8350-3f4460ae5ae5,Murilo Santos
431,9d829934-a4fd-4bb7-8af8-a6b9e9589e74,Enrico Fernandes
432,5f6cbe35-4f7b-4de9-92b9-e7122f9c623b,Dr. Vitor Gabriel da Luz
433,d2534f16-e8c0-4fbb-99c8-71fd8fec25a2,Eduardo Lima
434,f047c226-3c7a-4c4a-94cf-866546f8c5ea,Pedro Lucas da Conceição
435,90140d1c-40a1-4a3a-a774-b3a598c2027e,Caroline Rodrigues
436,97eb8ab9-e5b6-43f5-a477-0272577b8a1b,Cauê Ramos
437,58aeb773-8352-4939-b241-75efb9880e83,Kamilly Novaes
438,d4e46b3a-b4c3-4941-b8dc-c7c62e1e02e6,Dr. Enrico Carvalho
439,d61f2635-a4e3-406d-a5a8-36a79103c1bd,Helena Ramos
440,e494752e-4520-4493-91e1-b244ea63416d,Pedro Henrique Duarte
441,e291999f-76b4-4703-a241-80ddf9c3a3bd,Letícia Campos
442,5648a7bd-28d8-484e-a8d5-d0eed880e792,Anthony Sales
443,cc0bd187-9fe6-4732-b638-ffac9be4b609,Isabella Ribeiro
444,5f988e3f-dfb1-45fd-9b51-b39e2f0a75ec,Emanuel da Costa
445,1a574da2-7300-4065-a23a-1d658141fdd9,Cauã Melo
446,e920a12b-65e3-488e-ac2c-f41205ec603d,André da Cunha
447,67fda8f0-da6d-4b8a-8921-96ae2660cf88,Emanuelly Lopes
448,456b8595-67a2-418a-a9df-d004d0108335,Vitor Hugo Aragão
449,ae01e7ec-3f98-4331-a364-e91061d2372b,Lara Duarte
450,6cf5bf7e-decc-4103-96c4-bd19a8df2457,Rodrigo Carvalho
451,cb041c6f-c59b-44f4-bc8a-9d41926007aa,Luana Ramos
452,1d8ba8f3-efc8-4c8d-b66d-6e6a4dc09868,Felipe Fogaça
453,4f2638b8-e37d-4bad-bb5d-d3933bc42bfb,João Felipe Fogaça
454,9aaa6952-b5a3-444d-96bb-aaa7615063f2,Leonardo Araújo
455,d49f67d5-0b7f-42a7-b7b1-0cb545483443,Srta. Luna Souza
456,e284d256-0b06-4ee0-89d3-22712261da63,Evelyn Azevedo
457,34e717d6-f650-4654-a7bf-c63a1a723af0,Sr. Diogo Farias
458,dc8701f8-1b50-4e6e-8264-8d8349ac71e2,Letícia da Conceição
459,4735db23-520a-4444-a704-78fdd96787e0,Leandro da Cunha
460,c4d68280-5bd3-45a8-884e-075741a43e50,Maria Melo
461,efa611ac-6eec-48cc-b8e6-e9bfbf3a57a1,Giovanna Nascimento
462,4ea6cd06-c5c6-4882-98ab-65ef4a6bab7d,Lavínia da Costa
463,06b219d5-7fa1-4b57-abb4-1ae5186adcfd,Samuel Teixeira
464,33bd8a8d-0198-47c4-9afc-76fa75c7445f,Eduardo da Conceição
465,e4ec8c50-1ee6-4d16-8aa0-d4fae360093f,Vitor Hugo Pires
466,78507fe5-2ffd-4195-acba-3ac1301924fe,Dra. Heloísa Cardoso
467,42856d76-0410-426b-a643-4676e8f06dc0,Maria Cecília da Paz
468,811e3701-1abb-4024-aee6-78f328a0387d,Sr. Lucas Costela
469,911ba446-25ee-430b-850d-2989d78c3ada,André das Neves
470,85223b66-2404-4d95-8858-cebef8df544e,Benício Nunes
471,86f37755-973b-46df-82da-3f3a516a93e5,João Guilherme Silva
472,c82863b7-6ebf-435e-aef0-5f807aa76a07,Lavínia Moreira
473,6f65b58b-a4fe-412d-adfd-a2601ef8007e,Samuel Viana
474,a7a1dcfc-01c1-4e4a-837b-ef20767ec884,Renan Rezende
475,00e889fb-7cd3-4213-9537-a11225467ee0,Larissa Peixoto
476,2a50de1c-7149-4045-9f84-7a7e61823c76,Ian Moreira
477,a82beefc-8a01-47e5-9576-cc322bcb6ef5,Sr. Theo Vieira
478,7b40591c-2453-4155-afe4-474566585d7f,Cecília da Mota
479,80bde144-629e-418d-add7-536a76b53619,Joaquim Fogaça
480,834765bd-e977-4126-9fb6-ea85d782f5b7,André Mendes
481,85a585c0-b2aa-4709-a885-60d82f0454a8,Erick Melo
482,eb13f460-afae-4f40-a502-2f10313ce476,Bárbara Dias
483,02f483f3-86c2-4e11-95a8-6db1b562f80a,Dra. Vitória da Conceição
484,8500142b-2608-44f7-b527-1dbdc60395b0,Dr. Matheus Silveira
485,e68b70fa-165d-4b8e-a57f-95d26f06bd52,Cauã da Rosa
486,1fb05f88-e928-4573-aea6-0ee83fd85ebf,Fernanda Moraes
487,9e4529ec-4260-4f04-9698-4ff55d0f9dc1,Dr. Rodrigo Mendes
488,41b76c5a-4e21-4139-b2bf-8e59b9bba38e,Dr. Henrique Lopes
489,51c742cf-943d-4016-ae9f-3dbece8238fc,Natália Aragão
490,dce55f5c-b42b-43a9-8e95-a313e9b9a2a5,Calebe Freitas
491,f91d09a8-facc-467a-be98-fb25ec3d57f0,Lavínia Santos
492,7b66c155-8272-404c-b43e-54f48f9b972f,Nina Teixeira
493,f26c658f-c3b5-480b-82b4-ade52b91e56e,Luigi Martins
494,b2449c4f-5c67-4063-9e34-1a1d1243db60,Luiz Henrique Teixeira
495,b9edc324-2201-43e4-ab0f-45d3c4ab230e,Esther Campos
496,ff447318-9443-4123-a972-3090249c1a8a,Julia Souza
497,eb7b420e-9ea4-4f38-a6da-a27428366913,Dr. João Gabriel Nascimento
498,4bdd5a12-ed4f-47b3-8eaf-4caca453cf67,Giovanna Teixeira
499,f88178f1-2e60-4b46-bbdc-2921539e053d,Srta. Lavínia Moraes
500,a66e4061-fced-4a12-9680-fe6e55eba8b4,Luana Moreira
501,7a15629b-f6a7-461a-bfc6-15271e99a750,Fernanda Nascimento
502,e2a85c8a-c518-4b33-b30d-2b93552b4b41,Srta. Helena Cardoso
503,22bf3e6b-e882-47ca-a85c-8cce3e4e45af,Ana Sophia Fernandes
504,b76060ae-5e5a-4b24-a2fa-adf5db1ef0cd,Nicole Lopes
505,75ec8c65-e8e2-4f62-a2d4-73e820c49205,Mirella Duarte
506,b037148e-8308-4534-b9d3-4121bcf1f51c,Paulo Porto
507,431ad268-67ce-4805-b89e-611eba0718a5,Eduardo Teixeira
508,0f85c466-2082-451a-b7df-af1bf1a0558a,Sr. Marcos Vinicius Viana
509,025eac0f-759b-402b-8007-61af18608100,Thiago Ribeiro
510,be133d9b-039a-4e63-b2b0-e55f02cdc295,Alexia Mendes
511,62a5d25b-3807-43fd-abb7-69ecb2936017,Catarina Nunes
512,4529dad2-7ef7-4402-aa9d-7bec73512659,Sarah Nogueira
513,91914041-b4ad-4059-904b-c2f83cc847e6,João Lucas Duarte
514,5db10d64-8359-4303-adc9-bf694835b3f8,Matheus da Mata
515,3ab001d5-25fb-450a-8436-d0aeda5c3cd5,Pedro Lucas Ribeiro
516,8fb634d9-c7a5-4f5d-8019-341b001d5281,Vinicius da Cunha
517,e6d0b167-2e3c-4054-bb7d-b168d5602833,Dr. João Felipe Freitas
518,ff5502df-22c5-40c0-8002-1a198ba23c90,Laís Ferreira
519,a9573ff1-e2e0-4756-b9f3-f84a0276f1e8,Maria Fernanda Alves
520,daf3434b-1522-4e7a-a5c1-a97e6d934e72,Calebe da Paz
521,9f76b763-18ce-433f-8206-13aa652fc721,Yago Silva
522,d715f69f-4a33-4639-86a9-ca1baab8cc02,Letícia Freitas
523,11571317-fff5-43ac-b3e1-8fba7f5cb0cd,Heitor Jesus
524,88decab5-579a-458b-9e4c-e95808196246,Thales Pires
525,30ff34ad-e775-45f4-89e7-e0ba1cf70ecd,Miguel Sales
526,ec7fbb2d-87f6-4db4-943a-a71e923b80ae,Daniel Mendes
527,9e0f174e-83c0-4f11-93d6-5c64d9980c72,Rodrigo da Rosa
528,aceb76ca-46e2-4aa8-895c-c59537ffc548,Luna Mendes
529,37bc9f4a-cd37-43c8-8ac3-33dff5b0b7cc,Pedro Henrique Sales
530,761438fd-46e9-4e66-a417-610eb3d79e37,Levi Farias
531,82bdbab9-c23c-46ba-bdeb-6ea63141d50b,Alexandre Azevedo
532,f2c9449c-963f-4a26-b428-3b382e119686,Sophia Caldeira
533,e39bbf0b-ccfd-4f9c-9410-7dc3d91cf067,João Vitor Souza
534,e28adf07-267d-4764-aa9c-14ff1112e8d4,Julia da Conceição
535,f973fab5-7a99-4327-8b34-3cd51e6236f5,Miguel Vieira
536,27c26cf9-79ac-4ac5-ab6c-f7f8cd1d527c,Paulo Cardoso
537,873fe4e6-38f2-4d5a-af5a-02f52ca440d0,Antônio da Rosa
538,dd415130-2fac-4f25-a5d8-402f61b51ca3,Matheus da Costa
539,b214876f-58b8-49af-9da7-263aa7839146,Maria Cecília Campos
540,826e7be1-1315-4c7e-9ed6-0be8865f2753,Joana Sales
541,fc0203aa-6fba-497b-a737-13722764814f,Sra. Nina Viana
542,33fa588b-09a4-4e7d-a964-e57d1a0686da,Dr. Lorenzo Nunes
543,af8fbeb2-de74-4c12-a36f-05d4a7d4b13a,Antônio Campos
544,2c18d927-6dae-47ff-8b3f-fcabfd8b4a31,Dra. Pietra Aragão
545,752c91a9-2f74-401c-830d-d82a5b93f21d,Emanuella Duarte
546,83d8f19f-3644-4c5d-8e13-595b406bb7d0,Isabel Silva
547,da2a9e8a-53e2-452e-9531-17029094ebe8,Murilo Cavalcanti
548,02bead54-5c44-42fa-a3ae-610b1a67ff54,Francisco Monteiro
549,23b70b61-0fc6-43c9-abac-413b83388cf1,Mariana Moraes
550,ab5c749e-81ab-4528-ac93-cb971784d142,Maria Cecília Carvalho
551,6742e5de-2dbe-42c5-8cca-1b9742db0878,Miguel Porto
552,ecb23005-0f8b-46b0-bdf7-abb72c678587,Gustavo Henrique Almeida
553,e6dffaeb-b6b1-49e4-a70c-2f2e11011384,Nina Moura
554,382dd0ca-8af3-4eaf-94e0-2658ff1c2389,Rafaela da Conceição
555,92963ef6-122e-40d2-8ff4-dbf8d708938f,Rafael da Rosa
556,f81ef4ce-4c4c-4af4-b83d-449d34314a9f,Bruno Castro
557,428ba0f7-842f-4735-bc76-e50124a48b0d,Miguel Costela
558,f904314c-060c-4dad-b1f2-408ca1fa5ada,Diogo da Rocha
559,dd62d15f-909b-4bc7-b524-e64bbb13a96d,Dr. Emanuel da Rosa
560,a7300705-3327-48a6-8dda-2810ae49fd59,Anthony Fernandes
561,cfcdb92d-079f-4e35-bfc0-ba84f70e5845,Davi Luiz da Paz
562,fbcdc9d7-d191-45d5-87ad-bf99edb341e5,Luiza Almeida
563,45b0d248-83db-4e0d-a858-f4a2a2a4d6aa,Ana Júlia da Mota
564,99ccf206-64a4-46f7-8313-2e12dd91cf11,João Gabriel Moreira
565,9a0af8ac-0725-4c2b-863e-21b885ef9d18,Dra. Heloísa Fernandes
566,894cbaed-3bb1-4d29-b590-d4bfe04470d1,Dra. Gabrielly Castro
567,43df2b89-284f-412c-bf71-6c3c769919f6,Bruno da Costa
568,8ec4fcc0-faa6-4e52-826d-d9cf5f078c94,Beatriz Ribeiro
569,5cab1ff3-e44f-48ee-bbe7-1db46847bdb6,Raquel Sales
570,efb3d064-c73b-4ba9-8535-fbdfff728367,Sabrina Duarte
571,4df9878b-6886-4a27-8578-424da77ec547,Dra. Maria Fernanda Sales
572,cf8a5196-c8ab-4252-9e7f-565da57a3fca,Alexandre Mendes
573,f485ee01-11cb-4101-b6b6-936842858c7d,Letícia da Cruz
574,8f0f0d93-29db-4a62-a206-1d1d03eff7a3,Enzo Gabriel Martins
575,09191dfc-7699-4aec-a291-37d14aa73d62,Lívia Santos
576,69fd04cb-ba81-4295-94bf-e0d914063d01,Srta. Luiza Martins
577,c883f48f-6253-4273-b9a3-556c0f4fd859,Isadora Barbosa
578,03f6a281-9f28-4d62-badf-c0bf08a7dcdd,Bruna Lima
579,efd3957c-1d98-41c5-92cc-1da7adf8ede8,Renan Monteiro
580,c26039d0-8854-4ba9-9816-68d6177d311f,João Gabriel das Neves
581,53a4e21f-05aa-4ccb-a4a8-4cd599b54795,Sophia Fernandes
582,062f7291-6392-4cd7-baf1-248f04fcdcad,Davi Luiz Melo
583,ba46aebd-7307-43ee-9646-eb41b4dbda69,Pedro Miguel Peixoto
584,82ab1a9c-72c8-442b-bebe-2a9e28f3a4c1,Dr. Enzo Gabriel Peixoto
585,2acf468f-7ae4-4bab-bff0-7c269a28a023,Diogo da Rocha
586,8516f3ab-a259-421b-a616-ccdbc4d89cb8,Sr. Alexandre Mendes
587,b587d648-ce37-4d40-ab42-5bbcefeb7740,Joaquim Moura
588,8d9494fc-51b7-4004-a6b2-db1e1e35bcf4,Raquel da Cruz
589,ceb873ce-98b2-4129-9fce-2da99f4e9469,Lorenzo Viana
590,bc0693f8-ca13-462f-b831-eedbfa03c4ee,Juan Almeida
591,ea86eb65-16a4-4ccc-a20f-519c8bcb2d9a,Eloah Cavalcanti
592,99de6617-1020-4c42-8570-3aaf73bedce7,Henrique Farias
593,95b7ca66-7c97-4b7a-9d3b-cffa15a9dd47,Dra. Sofia Viana
594,2c6a40f3-b0cd-40f0-9a13-d0347b12d9b1,Maria Clara da Conceição
595,a6cca124-34e3-4475-aaa6-e8ff6c5bd3ce,Felipe da Rosa
596,6c38626a-a92a-4f00-a663-5bee487b8ece,Dr. Otávio da Conceição
597,3f5c6af0-94fc-4fe3-8647-0ce74f33328c,Maria Fernanda da Paz
598,64f15635-0e5d-4556-80ea-8890eb58786c,Marcelo da Paz
599,1799ec74-5420-4c77-852e-a5807cc049e3,Lucas Gabriel Lima
600,a010e38a-56db-4b26-8e40-855e3b1db97b,Diego Martins
601,c5e814f1-7dac-4a54-8e81-3c398a5d3bbc,Levi da Rocha
602,7d9018f3-77bb-4d79-b71c-733576b142a2,Erick Monteiro
603,52c5a568-774d-47cc-bfe7-464d6689c1af,Maysa Pires
604,4d1f7083-0727-4d63-af66-c1b13a3214a6,Benício Nascimento
605,9f6c235a-26a4-4893-b3c1-cc572aac3757,Isabel Gomes
606,7c0cda25-9034-4437-bdad-8396114a55eb,Henrique das Neves
607,7b9ccec4-28c2-49e7-ace7-b01b0a780039,Luigi Porto
608,000f64f3-9cf2-4ae8-9d44-fc3fe65cd479,Dra. Olivia Pires
609,3f203b9c-7052-40dd-93a6-1523f7d0af9d,Rafaela Viana
610,b4c10d9a-4ffa-4005-b18d-faf4d430f596,Ana Júlia Souza
611,d0b975ee-ceee-4165-ae95-042f541ae605,Emilly da Costa
612,32b61bf3-3db4-40e6-a544-b0cc958c51e9,Isis Monteiro
613,bac5a6ac-8716-4002-a683-af9074e56f4b,Rebeca Monteiro
614,38e4b36f-7822-4c18-a47e-f931ad5f3258,Isabel Duarte
615,84a61dc3-608f-4807-9dad-542ec4ee8641,Eduarda Nogueira
616,57af34df-01ca-4437-b187-6cd8753919d6,Dr. Kaique da Costa
617,c0f3c126-a582-4b3f-bb8c-f7efc2dc208b,Amanda Monteiro
618,587de579-b4a3-4430-b850-a0dd63043555,Pietra Freitas
619,857448da-8fb9-47a4-a85f-03a92c1676c2,Kamilly Campos
620,2fbd08c0-3b55-4701-b118-f519ba8dbc12,Maysa Fernandes
621,15cdc57c-d28f-4ce5-863e-42dc549d7bc0,Marina Teixeira
622,ecc2723c-a07f-4524-856e-53467a7a71cb,Dr. Lorenzo Ferreira
623,fb5455b1-36f3-4b92-a106-303d6f90dc92,Marcelo da Mata
624,7e5dc2de-0b6a-4136-b5f9-2f116a940c99,Henrique das Neves
625,6f359f0e-c7d4-4747-a691-ae80b33c7718,Emanuel Araújo
626,dbc81358-6d82-45a6-ab51-56d8d246ef19,Benjamin Gomes
627,25340e85-8c45-4ae9-ae70-33cf8b49aa85,Sra. Eduarda Pires
628,3397f3dd-9fc3-4a3f-baab-819e1a809c90,Felipe Jesus
629,bf658fe5-42bd-40c1-acdf-5a7597805949,Dr. Francisco Nogueira
630,87f57aa4-3df0-4c9e-8832-8281a7a867d7,Agatha Freitas
631,f894e385-6dfa-4b09-a738-059a53341639,Fernanda Vieira
632,e5d37aaa-8d2d-4e50-a601-30956c4e754e,Srta. Olivia Freitas
633,96cc12fd-9b72-403e-ab65-924038732e04,Isabelly Porto
634,6d144b33-9dc4-4bbd-8808-5070a6ade279,Leandro Correia
635,34396519-f00a-48b7-8688-00f10694735d,Dra. Carolina Correia
636,167d0637-8998-4170-b90a-74a38075521a,Thales Lima
637,9e10cdb8-0abc-477f-a392-6a46e5da44e5,Sr. Erick Cardoso
638,73d1a929-ed84-4559-96aa-00a703db8da9,Sra. Melissa Monteiro
639,26d5f56c-d3c7-44da-8161-ef6ad016160a,Davi Luiz Cunha
640,1aa36e89-f555-457c-afff-2651f6cb099a,Noah Jesus
641,f172e950-1eba-439f-8a38-6ce1c16b735d,Marcela Souza
642,57500c9b-7d5a-4de1-aa24-078c0c1b83e9,Ana Sophia Lima
643,6918b082-3450-4d88-973d-b0d740b49904,Camila Cardoso
644,9e2a20e4-d7d6-4c90-91d1-059d03f2d418,Otávio Azevedo
645,123a2e2a-461b-4ac8-99d0-8847daf5fc52,Dra. Marcela Rezende
646,f393aefb-5011-4590-bdc6-7236830c7f36,Alícia Cunha
647,94dc0fa3-7ee5-4ab9-934a-1e4cb9f76f14,Juliana Rezende
648,9eb5a2c5-12cd-454b-b231-7c360ecb1fbe,Isis Azevedo
649,01b1ea81-5775-4d86-bf72-f2c9e629f021,Raquel Jesus
650,118bd73c-008d-4726-b528-60f820c1fc5e,Enzo Gabriel Pinto
651,d70cde0e-77f4-49c3-89e6-3063cafd8bf6,Dr. Luiz Gustavo Castro
652,d9eae545-7008-46d8-a017-47a1aff44787,Guilherme Cardoso
653,6d9ef141-a011-4aef-afa4-2df13f16b284,Pedro Martins
654,3e30b795-c584-49a5-986b-f0366736abc1,Ana Clara da Costa
655,c874628a-9c89-4e34-a57b-ba823d977924,Otávio da Rosa
656,e9fdf12a-3eb8-4d89-b13a-52c4caabf606,Julia Ferreira
657,0eefe0e1-30a5-4f7b-92ec-b6c192ea42a7,Srta. Bruna Costela
658,2880c91f-6ae9-4693-b652-a08ef95df58a,Davi Correia
659,469c0b9f-a621-4dff-b5b4-f28b03e9da0d,Sophia Moraes
660,3a78fdb6-9beb-451e-8dd6-80484131f6eb,Srta. Mariane Carvalho
661,022ab74d-7420-415a-9135-69bb298b112b,Vicente da Costa
662,367ad8ab-f846-4c6c-8bbb-54c0c46cd07a,Vitor Cavalcanti
663,2006746a-8e69-4568-8944-3807f0301fe5,Maria Sophia Caldeira
664,aa67f86b-a475-489a-8660-71e049f58ebe,Maria Julia Alves
665,fb55c627-7841-43dc-9761-cf6eb5976145,Ana da Luz
666,b30c18c2-04bb-4186-aff3-e58552481031,Lorenzo Aragão
667,e762d284-396a-45f5-b08e-3bbd71157e3c,Luana Rezende
668,17fa78c2-8342-4a9e-acfa-cb84c3c61dbc,Sr. Thales Pereira
669,c7783214-7b08-477b-95fa-070a4fe089cb,Lucas Gabriel Porto
670,8fb91c88-c62d-48a6-a0cb-13f86b1ffbf6,Bernardo Cardoso
671,5fdfc0e2-dbc1-47ff-8812-22edd62e3fb6,Srta. Mirella Melo
672,625bedc3-f81a-48f9-ba57-4646a8b1a9d7,Vitória Castro
673,38be5077-530a-4ca3-9330-07506b6c64f0,Yasmin Rezende
674,36c84945-86e1-41d6-be75-de883a3af15c,Bryan da Mata
675,75b3bd46-3f00-4d6f-a8c2-faac779c3bc6,Gabrielly Lopes
676,24041f3f-4a22-419f-bfe8-c5eb18da885e,João Vitor Vieira
677,15e4713f-07cd-4ac5-9b65-a42dd536dd9e,Cecília Lopes
678,49911572-1aeb-4471-88b3-3151b19e7597,Davi Duarte
679,c21757ad-b059-4c96-bd32-a73b7846a34a,Lavínia Gonçalves
680,4f2238ed-fd3e-4461-9375-77a08f382908,Srta. Gabrielly Duarte
681,33138a30-a6e1-4dc0-b1fd-9f3b9057c9df,Davi Lucca da Conceição
682,0bdf1de8-a5f7-4504-8eda-6768a0d8931e,Luiz Felipe Nogueira
683,57846cc5-81ec-4e59-a5b0-27000645d47e,Luiz Henrique Costa
684,3df60987-5846-4399-8df6-08f4f9edcd3c,Anthony Carvalho
685,bb16c965-2dd2-472a-9999-e16475a87b24,João Pedro Moraes
686,57e4891a-fb8e-412a-8a3f-6a85fdc61b56,Bruna Correia
687,4f88cfde-ab16-4c82-a147-4947906ac329,Julia Novaes
688,f57d1d86-7b67-4946-92b6-add32a7dabd6,Maria Julia Costela
689,e053da01-d55c-4b29-aebe-0b5df4e7cc01,Isadora Sales
690,a2badedb-bbc1-4f53-b46a-ca8f26688afe,Dr. Bernardo Barbosa
691,d3cb6e46-adf2-422e-afc1-45d3f948b360,Otávio Aragão
692,37ff53ff-1b1d-47dc-a5ee-ef603a08a034,Sra. Maria Sophia Duarte
693,de4bc81f-f79f-406d-9d14-bf8887db2f48,Lorena Farias
694,75d42be3-8299-4068-83e1-b4ee95bd6aef,Alana Moraes
695,1e97973b-187c-4f5c-9a46-4ce901632cd1,Sr. Lucas Gabriel Nascimento
696,f0700221-af2a-4a84-8507-d55039b6afff,Joaquim Ramos
697,6c3fff83-e277-42d6-8178-0ee272c0b094,Valentina da Rosa
698,ca3e9f21-a587-4572-be9f-1357b3442a9c,Catarina Vieira
699,4ca792c8-aa1d-4ae3-a162-810280997a02,Júlia Jesus
700,930854b2-3206-40c1-9b6e-628b4432772d,Bárbara da Luz
701,ca9edbfd-bde3-4442-aece-7b7b603a091e,Davi Lucca Duarte
702,258dc2bb-3e52-4838-99ad-16a39cd37e24,Calebe da Rocha
703,eba80148-941d-4c16-b1e7-586d7671aff0,Sr. Lucas Gabriel da Conceição
704,e67698b7-d2ef-406f-bf3b-c55a9d1b2cb4,Isabella Sales
705,ee6205a7-1ee3-499b-bcc7-3a03bc4fa48c,Valentina Silveira
706,f2850cb3-1917-46d0-921b-78577a285872,Olivia Mendes
707,be476f39-b9b0-4c1f-a66f-27c932e6630d,Luana Rezende
708,a6411cef-4bf0-44d1-adba-df9c56ce89f8,Lucas Gabriel Almeida
709,28528115-5139-41f7-8514-d8614731ed49,Ana Laura Barbosa
710,c5566ac2-c3dc-4247-96bd-6d0bda217564,Fernanda Melo
711,6d9c304b-1bb6-48f4-ac2f-fff79b75bcd9,Milena Novaes
712,07694b7c-f872-4ce0-8112-14cdb1f70a2e,Kaique Campos
713,b9733ba3-1e09-4402-9d86-b22c3d1ba0b1,Ana Sophia Oliveira
714,1bf2fb16-0a63-4084-814c-a0f805e1b7a6,Isis Pinto
715,eda4d2e7-e5af-4942-ad26-a4b6caad5897,Maria Viana
716,834e1cac-8c20-49bf-af8a-643cc11d4f79,Lorenzo Costa
717,4b94a8df-99c0-488c-ba8a-f1c9332fefdc,Sr. Renan Vieira
718,6608ecc3-8bf9-4bc3-9b67-80f56df7a535,Sabrina da Paz
719,36799375-bd95-4ce9-83b3-dd23bc6b1826,Luiza Santos
720,a5c9ba8a-2e9b-49b4-ba3d-a6ada8704afa,Benício Nunes
721,17b4d0da-7b64-4355-a61b-f21cd0a51c20,Maitê Monteiro
722,591a8931-ee8c-4a50-99aa-f5a1c49acdf7,Davi Lucas Silva
723,25a2406f-a5c3-421e-a48e-06f8b703feee,Anthony da Rosa
724,19ba7814-76e2-435a-a27f-e7178e2c2a1b,Ana Beatriz Teixeira
725,a81242d2-6e17-4255-a46c-4fcfc4f36f8f,Gustavo Freitas
726,1d392b41-f837-4e22-9a69-ef0212812d77,Kaique Moreira
727,7ed83208-a0f2-428b-9eea-2521e3cad5c2,Vitor Gabriel Oliveira
728,823f0282-f56b-438d-aecf-a695a469d4da,Pedro Henrique Melo
729,9a324bcd-cbdd-46b0-9cd6-314ff37b555d,Raul Rocha
730,655c48a1-b178-4211-8329-f9234ea3af40,Fernanda Rodrigues
731,e759d9ad-a4e4-4dff-a593-4dfdb43170c3,Noah Gomes
732,9c91775d-3dc3-48ae-a578-83f4080cc4d7,Dr. Diogo da Cunha
733,9c502f29-374e-4ab2-8bf2-3da7ab09f737,Rodrigo Cardoso
734,f92e80a7-3760-4672-8263-df09260ec83e,Dra. Giovanna da Rosa
735,a67ce26e-b3b2-4e5d-8631-38e3ee0fc842,Dr. João da Mata
736,7907b749-c5ca-4b11-a40b-370e3113cc10,Bianca da Rosa
737,255b0ca1-183e-4909-a350-ff259db07b4d,Emanuella Porto
738,6a3c360d-293f-4a07-9aa5-3b1094e4c216,Luiza Barbosa
739,7ad1ec0c-a6e6-4952-86e1-a52d43f1bd34,Pedro Miguel Lopes
740,461ab535-3754-4a75-b7d3-4f472fd06c91,Lorena Rodrigues
741,bab34a79-3a7d-4937-9f90-25c3f7658b67,Antônio Freitas
742,376ee29e-2e12-47f4-8069-17b8582f21a6,Ana Sophia Monteiro
743,8312def1-623b-45af-801a-5d88f2ada511,Giovanna Gonçalves
744,84df5837-2eb7-44ee-9c0f-2a861fa901f0,Sr. Carlos Eduardo Rodrigues
745,ccaf0aed-809a-4f52-8dca-c3b0d30f550a,Rebeca Dias
746,a6223b3f-a940-4710-a0bf-93c060c0242c,Sarah Fogaça
747,72e817bf-32f6-4666-b80e-46fed417adab,Fernando Dias
748,9273655c-7d0c-45ae-beb0-2dd1337291b2,Luiz Miguel Novaes
749,0ab57e10-6a55-4ac6-a751-c2ae31860532,Larissa Novaes
750,9dc69170-1ccb-47d4-b1b2-1ce16c0d8125,Luiz Gustavo Mendes
751,58c64219-4801-46ab-95da-56ec7b472447,Murilo Cardoso
752,82c99784-b03b-43a6-8c96-0ed3bb525764,Srta. Sofia da Paz
753,a472423f-6f83-4ccc-ba04-c49d58242fbb,Ana Laura Rezende
754,35cc44f7-b24c-4868-993a-417bffc8d120,Ana Julia da Costa
755,02084eae-4010-4d32-a1f7-1038b554a74d,Milena Rezende
756,adeb1da4-fd3d-4c4e-8a1f-ba900a3ef4b8,Júlia Peixoto
757,a533a4f7-26eb-4586-81a7-6137956c7590,Samuel Moura
758,31265f02-af13-4d9a-9ad3-abdc3fd2aa02,Sophie Novaes
759,0cb4455c-8c1a-44e6-87a6-878721f3f5ec,Luna da Cunha
760,fcbedc2e-05c2-43a1-8da9-5094ed0e4f6a,Dr. Benício Moreira
761,0ea79bd5-7e63-440c-9a1b-7783f4e5d6ef,Bernardo Vieira
762,1b86cbc6-a56a-4e5b-9305-5672792017ad,Theo Cardoso
763,87155710-a619-4850-a24e-930e9e9e4087,Dr. Lucas Castro
764,dec59db2-4594-4512-8fd2-83fed09d5256,Cauê das Neves
765,3a41d309-ba27-4551-a42d-f6b5a0a672a3,Marina da Cruz
766,c14fdaca-a917-4c0b-8211-c76e27b836b3,Gustavo Henrique da Cunha
767,42ddfe6a-ea8b-4de5-879b-b6083bd558aa,Clara Azevedo
768,013244b1-741b-4e65-bcb3-6934fa0e96ac,Ana Laura Nogueira
769,5f527ec5-c6fa-4fb7-989d-d731978d48b8,Lucas Gabriel Gonçalves
770,8742e09f-c95f-4e23-b68e-408640732526,Lucca Teixeira
771,8f4d6bca-34b2-40c2-b9a9-1577a32b0ae4,Sr. Caio Aragão
772,897e3f5c-ddd2-41b8-a907-9c3c2e00cc86,Maysa Cunha
773,25c1e84a-b070-4102-8a90-f524d177de8b,Pietro da Cunha
774,8fae11d6-6fff-4201-9bd1-8b3a886e01f5,Augusto Moura
775,a55e9e3f-7547-41f1-a00d-2a0819cd33e1,Sra. Juliana Duarte
776,79c115f6-bfc4-4517-a291-7fc130b37ab4,Pietro Correia
777,74510e43-3752-4e73-8d8f-498432baec1b,Ana Laura Cavalcanti
778,a852e3c8-ad5c-4bc7-96df-a7a6b55ffcd6,Eduardo da Cunha
779,79a90a9c-4e8f-4733-adba-72b8af7d4988,Otávio da Cruz
780,c7a06968-9cf8-483a-9e58-2ec039cea0b6,Helena Gomes
781,1ad6d609-69be-47ed-88ab-5fcd40a16ef1,Igor Moura
782,1d2ff86c-f731-42bc-a496-f842d0870376,Theo Sales
783,8669587e-3e26-4ab1-bdcc-2b5d54d5545a,Igor da Luz
784,f4f745c2-dc7c-44ad-afe7-1645db69cf69,Cauã Cunha
785,01a8c165-8a44-424a-8ac6-b1edb02122d8,Sr. Thomas Aragão
786,acec1811-01d7-48dc-95aa-ffc6699a9217,Cauã das Neves
787,ddde030a-1756-4d4b-b765-00b3ea94e33a,Alexandre Souza
788,21517ead-3e6b-4afe-be4c-1d981f072b5c,Sr. João Vitor Nascimento
789,36333085-25a1-46ab-ad71-0646c34e8ffb,Ryan Araújo
790,4051e0e0-460a-4418-9e1b-09daffc969cf,Igor Cunha
791,8f44cbc9-cf6e-47bf-8494-fbf48e23c93b,Helena da Mota
792,9aab0e3b-c5c0-4773-9b36-5a5edc7b9c57,Maysa Dias
793,9df35065-d959-45fa-8a82-84900d84f1f3,Benjamin Aragão
794,e19d8f58-9348-4977-882d-605f4b7bb283,Laura Fernandes
795,3abe7f10-7d2d-4773-93a9-d4e307756aea,Daniel Fogaça
796,c145b280-1673-441e-b3bb-52c7c9225f49,Dr. André da Mata
797,c76ab91f-9300-40a3-9858-7f3d0923bef2,Vitor Hugo Martins
798,2e221102-7b62-4c24-951f-e91fa61c4ccc,Yasmin Silva
799,7fadb0e9-47b2-45e0-835f-2a4cb8bd6c3b,Beatriz Martins
800,9778f112-d595-435f-98bc-0c33e3761dc3,Ryan da Paz
801,d29cc4f5-24d4-4d42-b0de-baf7cbe9366d,Calebe Nascimento
802,7bfb9a1e-3295-4c06-9d54-f7dbc4571029,Manuela Campos
803,6c6241b3-f780-47ed-b805-f6ba48348b66,Lavínia da Luz
804,5576bd69-7007-4e32-8640-b3d005c08b20,Laura Porto
805,68a7637e-0dce-43a9-aab0-3d69f85b684e,Kevin da Rocha
806,1da0ed28-4387-48a0-9103-844d4055d54b,Maria Eduarda Alves
807,7a650d50-188f-40ab-93a0-d052af224708,Emanuella Gomes
808,b78e15e0-7719-4b61-be06-8432ca188079,Raquel Santos
809,3b605d69-3851-4822-9426-0f18afa3d102,Luana Fogaça
810,0faa4745-d2a9-4deb-8627-63c64bba00ab,Augusto Almeida
811,e4a1963c-19b7-4b51-8bea-7fc77c38959e,Kevin Araújo
812,f6f671a4-7eaa-4c7c-ba6a-ef8bc800a6d7,Nathan Moura
813,e00d47b1-47f8-4ed5-a836-3526a5cb8d0e,Eloah da Conceição
814,7dd42a30-057b-49c9-9c73-51948127f6e2,Mariana Cunha
815,608deac9-13da-4fa6-983a-abbd920f1770,Emanuella Nunes
816,92366cee-3f0c-4725-b822-ff78433e0a36,Sarah Jesus
817,9560f8f0-8d36-4608-aa74-c60414f6a8a3,Samuel da Cunha
818,3b3e50d3-0af4-4aa0-8813-ed6b1cbc4b33,Alexia Costa
819,696a2817-1b61-46c6-876f-eb8f9cf01a5b,Davi Luiz Silva
820,52b6649c-da42-4340-bd8d-f3b739a9bfb9,Carolina Costa
821,2e0f657f-654c-4cb2-997c-06885af9688a,Stella Oliveira
822,53618df8-46e8-4f03-981f-2e154f154936,Alexandre da Paz
823,d50165dc-571a-4bee-8efb-1db055a67bd2,Cauã da Luz
824,3048c5e1-038b-47ad-886f-9b4710226498,Rodrigo Ferreira
825,fb14b5d0-85d7-4da6-b72f-080c0aef4afa,Letícia Jesus
826,c9168924-8602-4192-8fbc-885163873fc3,Dr. João Felipe Pinto
827,112b11a0-0bf6-4788-aae7-60dff43bc75c,Calebe Alves
828,905a8aaa-f70a-41a6-8ec2-e85e44d30627,Dr. Ian Sales
829,4c0c8890-d85f-4e3d-982c-f7a8491df25c,Dr. Ryan Ferreira
830,9281415f-0341-44e3-948a-6c1099a5d4ff,Sr. Davi Lucca Ribeiro
831,45a1121c-04c8-42e9-9845-e5d58fab3d98,Thales Ramos
832,953c7633-75e4-46ae-b4aa-edba3f8926d3,Maria Julia da Mota
833,8a14f5bb-e52d-499f-b1fb-11c4c24fc1c7,Dra. Camila da Luz
834,b115588d-ef13-404e-80e2-9c278d043c59,Sra. Daniela Pereira
835,48e1b010-5d27-48d0-8525-48e3027766a0,Dra. Maria Sophia Nogueira
836,a35667d3-db77-4cac-8b52-e499623ed5ab,Isaac da Rocha
837,c3004c31-8c8a-473e-aea7-70d8d52be4be,Nathan Farias
838,2fd23294-2d29-4af9-b413-f1fc7a5495e8,Vicente Pinto
839,e0fe09cd-07bd-4e41-abeb-d88670916112,Raul da Paz
840,dc567ffe-4965-4cce-a412-8dfb97878914,Dra. Mariana Nunes
841,4bde11c4-25d5-4d41-af8a-80d8438fc3f9,Maria Luiza Freitas
842,e35180a8-98a1-4f6e-b341-a167698c13fc,Ana Júlia Costa
843,110444d0-bfab-4798-9cd4-520e3042ec3b,Luna Fogaça
844,4997ebae-045c-49db-b3c1-4f0af53d7173,Sra. Emilly da Mota
845,6b07f905-90de-47e8-819e-a25e241c0006,Davi Luiz da Conceição
846,afb5247e-48ce-41a8-a16b-bc31619b9ddf,Joana da Cruz
847,2c01ffc1-71cb-4a2f-9a5f-0e205ba97721,Pietro Fernandes
848,2696ae55-6e2f-4a59-b23d-3ee73a983e75,Laura Jesus
849,78311ed5-6720-4207-b188-ab83cb8bf7e1,Gustavo Moraes
850,e83c52f8-fcb3-44d1-9ed0-99e9300f422b,Caroline Correia
851,20636d66-9df9-4aeb-aaba-bf9b241db50e,Guilherme Barbosa
852,f0b7529f-3e74-40b3-836d-e389fc9cadca,Sr. Theo Castro
853,38edfaad-5ca5-4be0-9096-3586795ff45c,Luiz Felipe Gomes
854,f625f1d7-874c-4570-be35-0ba314e14210,Samuel Costa
855,a5125ee4-adb8-41a6-907e-4abc8c01586c,Júlia Freitas
856,77a2716a-fcf9-4ab2-a430-4232fa632b5e,Valentina Porto
857,a777a0f7-0d49-4be9-a32c-7d4f33d7b47c,Luiz Henrique Cunha
858,8e3088b3-95f5-459a-aad3-e1c933522df5,Agatha Farias
859,8c55e260-c305-40ab-8cab-8f29f0622045,Heitor da Costa
860,c7e937d2-ddff-4804-88c4-ccf90c8817d2,Clarice Costa
861,18db1c5e-f25c-40d3-b651-52891b759d09,Pedro Henrique Nascimento
862,768c5079-372f-41fc-9bc3-11e31975b8f0,Carolina Lima
863,caed8639-3a60-427a-b81a-4cf5307db209,Isabelly Melo
864,558f928a-c487-4232-8333-530323534ddf,Maria Alice da Conceição
865,bbf78b09-0ea9-4a1d-9cd1-adc5db020712,Isabel Cunha
866,6d576a23-8dd5-4641-948a-9a1a12420f3c,Rebeca Martins
867,f4c189f2-c36d-4fd4-aa86-88b005ba6f1c,Leonardo Cardoso
868,00e5741e-e03f-4a00-9d6f-b3d779c7d940,Sr. Rafael da Rocha
869,414f8662-1a40-43fb-908a-9349f043da32,Julia Rezende
870,a0677a94-9515-4985-b6a5-d63d3d738395,Sr. Luiz Gustavo da Conceição
871,0cea0a38-163d-42fc-8bd8-e281240ff2c1,Maria Luiza da Cunha
872,f86ab8ca-0b9f-453b-bdef-304dfd4536a6,Kaique Freitas
873,fdd0542d-e1ec-4a29-bc62-7df16909302e,Ana Lívia Martins
874,f672a738-8993-46ed-b110-b9261365e635,Dra. Yasmin Martins
875,75457a99-986c-4a94-8e6a-40100214b589,Rafaela da Mota
876,2d7a10ab-7fbf-4a94-af46-e6344ffaefd9,Stella da Conceição
877,01cf4de4-ba16-4271-869c-82317325a97e,Anthony Rodrigues
878,9021e3cd-7207-4e9c-a31b-ba741f8f9444,Mirella Teixeira
879,379e87e8-b4e6-4e07-9e56-e3ab738229d1,Luiz Fernando Freitas
880,10b7b02a-fd36-4820-a29a-b9e89d8598c0,Eduarda Alves
881,af85056c-a0b4-47cb-b9ab-c1f106d6fee3,Breno Novaes
882,8613741f-2a61-408b-8008-1091496972a2,Maysa Alves
883,e12bde4a-1bf5-4003-9dbc-f69b4110eddf,Pietro Alves
884,f4a2c915-7888-4569-90a6-0c2b111ca07e,Esther da Rocha
885,3cf10afa-438e-4d62-a2ef-9ba783b07b56,Sra. Ana Lívia Costa
886,b7afab8d-7fd5-413b-b328-42df5b7cd016,Isis Teixeira
887,d95d831c-f524-46e4-95e9-701c14119a42,Igor Cardoso
888,f6f9007f-7150-42e2-bcad-fe25d949ea0d,Ryan da Rosa
889,c58825d9-cb42-4ab5-811d-7eb898cbccb1,Dr. Fernando Silva
890,d288b7c1-0b18-4ac6-993e-9cb5e42cdc6b,Fernanda Nascimento
891,8c55d6c0-6844-465b-91d1-38ff246c2a4d,Daniela da Luz
892,126dcce1-d956-4293-8d9c-a1318884603e,Bruno Cavalcanti
893,be766381-d537-4c7e-86f7-37a06a7dedf5,Cauã da Paz
894,be11e7e3-7883-4c40-a0d1-05aa2f1d83ac,Joaquim da Cruz
895,9b8cdf5f-9675-4b88-a942-d361cbd6a9b1,Maitê Silva
896,341d9d2a-0b34-46e7-b4b7-4cf24965b642,Daniela Araújo
897,165171e8-bae5-4958-8b8d-347f30ddc556,Vitor Campos
898,321ddded-adad-4f58-8153-dac58e489560,Maria Eduarda Cavalcanti
899,d7d0864a-bf85-47a0-8dca-4e5e61572687,Kevin Alves
900,0d3d77e0-fe92-4067-979d-00e3a5e7f41d,Dra. Alana Teixeira
901,a269471a-36c2-401b-9105-b5f82dd137b0,Pedro Miguel Vieira
902,b1d13484-e330-4851-a2b7-e6c335444315,Milena Cardoso
903,020a89f7-9b5e-4ae3-86e6-756d4134a5cd,Sra. Isabella Teixeira
904,e23d8c43-4ef8-4a5f-942f-a7e6d9f8c26a,Gabrielly Lopes
905,de62548d-4b71-4c73-8551-cb12c35a26b0,Natália Castro
906,8b1f9893-5dcd-4a32-a9cb-b405af926f3a,Bernardo Ribeiro
907,7dd55a4d-a170-4681-a0d2-feb98c30f2fb,Evelyn da Conceição
908,a0ece8bf-8da5-495b-adab-05433b2aa4b3,Diego Lima
909,e6a4e4e5-d099-415f-9b5e-c815af61ea50,Isis Cavalcanti
910,9c1b844e-0c6d-48eb-ac74-75f54b1f20e1,Juan Oliveira
911,18ff6350-af2f-421e-abbc-caa2dddebbde,Dra. Alice Farias
912,ddc85513-abaf-43fd-b080-3718e484352c,Bárbara Costela
913,56d81b4c-e388-4aaa-ba3a-acd3ce1c5e4f,Yuri Nogueira
914,25fc2df4-c526-4cbf-8053-2b1e3146afae,Alícia Castro
915,faefafc3-4dba-4c58-bf02-b5a411b68b3b,Heitor da Rocha
916,da9899ff-d706-4faa-8086-21d38a7af7e3,Dra. Rebeca Cavalcanti
917,ba8580ed-1c1e-4c40-8770-1c7c7b59114b,Diogo Duarte
918,1932c38b-aeb5-4581-bcdd-16eb3643e56a,Pietro Rocha
919,ef6b4148-1b34-4723-9123-0e36a85fba85,Pietra Viana
920,3bf12652-723a-49d5-85ce-6a541d06716e,Olivia Moraes
921,6437c12e-9526-4125-8c9e-f9f7790de0ee,Marcelo da Rocha
922,55b1f095-397d-4e9b-b9a3-c73c9216b1d1,Sr. Pedro Henrique Correia
923,49f3c463-db3a-451a-98df-5585327a3b21,Maria Sophia Sales
924,4ed34602-a40d-473d-95df-f4bc35ecbcd2,Maria Fernanda Gonçalves
925,5e19cfd5-8791-4a12-88db-21d6609c6440,Alícia da Luz
926,02d2ea2c-a492-4579-a8d8-e039d6ef85ae,Luiz Gustavo Melo
927,647bce39-07fd-4736-a4bb-ce2385ed3a2b,Agatha Jesus
928,48913587-8146-45af-904f-d6e8a771efde,Emanuella da Cunha
929,fb19e10b-2d35-4bf6-a8c3-8c038f06edf7,Sr. Ian Rezende
930,46645b54-7301-46ef-9a01-981ce3f37243,Nicolas Jesus
931,161032a1-249c-4357-a55d-c83a24a86a57,Dra. Vitória Nunes
932,d6e09e52-4921-4727-b925-c971498a6b8c,Gustavo Almeida
933,755d3d9b-363f-4540-b5e8-4c85838c3152,Srta. Rafaela Ribeiro
934,8c3e4328-a0a4-4ffb-8030-ae519561079b,Matheus da Cunha
935,061bb05d-bfda-41d8-a128-45a8428b0e9e,Lívia Cunha
936,da9a97d3-b8d8-4e96-aa1c-cf954bbe4260,Thiago Martins
937,71ed1193-21c2-4d2d-ae36-b50ab6c8f501,Renan Costela
938,fd5c2f17-816d-4a26-a755-9523722e4bb2,Ryan das Neves
939,c1ed067f-2118-4d18-aeb9-e3c73bdf80e6,Melissa Moreira
940,2bf644c9-7323-40e4-9b5a-b5b894e36426,Sra. Maria Fernanda Teixeira
941,f6c95aab-9bf1-4368-8565-d4162d2e4e4c,Vitor Gabriel da Rosa
942,26b99d6e-3bc2-4356-8bfe-8224524e25db,Marcos Vinicius Martins
943,f694e2d3-f668-4c9c-9b36-5f5c9b937ab0,Srta. Raquel Barros
944,69dcd1f5-6e1f-4fc9-93b3-8397d2c404a3,Giovanna das Neves
945,47fbdaec-27d0-401b-87d2-e9230d3cccd8,Alexandre da Conceição
946,7eb4175e-a4b4-406a-bd6a-1a2dcc09cfb6,Benjamin Ramos
947,add80e34-e73e-4f69-8e85-ff906df1e9cd,Calebe Melo
948,1e067153-fe7b-4c86-93a6-de136eca0192,Maria Fernanda da Conceição
949,391f9ead-66dc-4d73-9070-78cb6670c6d7,Daniel Fogaça
950,84fb4c7b-246d-45d7-800b-8fdbd60d3495,Maysa Farias
951,dd96b6b7-4f29-4f33-a093-e0b6c32767d4,Julia Rezende
952,70d77fb6-b5d4-4ede-9223-4fe1341d408f,Vitor Gonçalves
953,81917384-0a60-43a1-bed1-10bac9efd873,Julia Araújo
954,b6c8f406-8b9b-40ba-912c-f4e3740aba00,Pietra Castro
955,e2168df1-90f7-480c-8198-116887b6d055,Lucas Cardoso
956,a5e8830c-f082-4cd1-a15c-ce9ea45a618a,Thiago Duarte
957,c17da644-7cee-4304-b447-e405301bf02b,Vitor Hugo da Cruz
958,1b12898c-17ce-4847-94c1-eb7c37771f40,Eloah Freitas
959,688aa2f6-09d4-40c2-8127-e8c789f250cb,Dr. Noah Vieira
960,f7ecced0-37e7-4d83-9486-8583ac3de0b3,Luna Costela
961,6e0663e4-d084-4295-a664-952df3003c3d,Otávio Moraes
962,9f37abcf-b20a-49de-b289-577e699c4645,Bruno Cavalcanti
963,c3481d0a-a704-4abe-b505-dab602a7a995,Dra. Sarah Cardoso
964,12a6ff44-7b5d-48c3-887a-a8998ad307e7,Davi Lucas da Rocha
965,d5f38f7e-5d65-4cf4-9ed7-dcf489495cc0,Maria Rodrigues
966,6b165d6f-e177-4a8a-9794-947ae30ba4b7,Sr. Pedro Miguel Teixeira
967,8b44e634-cf0c-409a-b62c-4409aa245698,Isabelly Oliveira
968,c774abf9-47ab-4375-89d0-da035fea3bf7,Ana Júlia Nogueira
969,83debdb7-680d-4c29-aa5c-f8bf9a747858,Davi Dias
970,68ee43b3-a26c-43d1-9903-efd11f9af6b1,Maitê Peixoto
971,5e24f315-0776-4920-bd82-60ce31aa2bff,Alexandre Caldeira
972,b7f88b98-a4b9-442f-84b7-ccc025c7e95c,Ana Carolina Barbosa
973,bad6b06b-2f30-4f11-9a1e-66657a9f940f,Maria Cecília Jesus
974,c43028ae-30e9-470b-bbea-e9c1007f95ee,Vitor Sales
975,e2875ba5-ab57-47c4-8632-010a6176f08f,Maria Fernanda Costela
976,c835a02e-21b6-4dc7-aa8b-450c209df7a5,Maria Clara da Luz
977,b6f048b5-29a2-4987-b7fa-072f85a06dc7,Eduarda da Mota
978,4c05283b-6b9f-4035-a359-fb3c1d0a9c80,João Miguel Melo
979,dfbd0fc3-3b51-401c-b71f-73700ba71702,Dra. Júlia Barros
980,92adf189-00be-43db-b454-d639ef82a3a0,João Felipe Rezende
981,bac9ca2e-ee6c-4814-8a15-50cb0325a0e2,Raquel Silveira
982,276dc862-2c49-4d70-affe-17346e0aa083,Breno Fogaça
983,f38f005f-1f4a-4fc8-a873-1a879ffa8c53,Sr. Rafael Melo
984,fda583dd-7328-449c-b4d5-1d0a3b32850a,Kamilly Almeida
985,4b72a6a7-9c5b-4b94-854c-4f88ade414e5,Thales Oliveira
986,f690305b-298e-49e9-953f-850edacf03a8,Isabel Moraes
987,f1c0cc00-1085-48df-a716-fc84592c6c79,Dra. Isis Souza
988,8a87a29b-5427-48e3-a78c-683d30438789,Agatha Rezende
989,62f9632e-e2a4-4897-97d8-823dba7b14f9,Luiz Otávio Rezende
990,f7c67e89-fa85-4459-aed5-5ebc756a5ea6,Theo da Rocha
991,f2573075-f4a7-49a2-8d9f-f1b41be6fc17,Theo Cardoso
992,4d5825e2-2dd0-4b31-b435-cd78e25de587,Arthur Vieira
993,ab7edcb1-c353-49a9-8b06-c005f795d824,Maria Julia Moreira
994,bcad9011-6d56-4933-a52b-a6d9af3de557,Lívia Cardoso
995,6542bf77-83c4-41f1-8492-46699979399a,Julia Jesus
996,633cace7-4234-4444-a3af-8b84fb41b956,Srta. Isabel da Luz
997,0bd49b56-9088-4e01-a2ba-61404c2b5fdb,Igor Araújo
998,52f1c5bd-6a1d-4768-96ab-b10c7a9296f2,Thales Mendes
999,fff06d6d-af2b-4654-9ef8-908df06d14e2,Gabriela Ferreira
