,sku,title,description,price
0,CB2aD3C8,Error distinctio omnis qui ea laborum.,Dolor fugiat aperiam unde. Occaecati odit praesentium. Quis cupiditate accusamus temporibus totam rem.,306
1,03cd416f,Quod eaque facere possimus architecto quae.,"Soluta non perferendis. Voluptatibus atque asperiores temporibus cupiditate.
Quidem vero vitae soluta. Hic alias qui natus deserunt error incidunt.",532
2,712714EB,Quia ipsum repellendus tenetur possimus illum quae eum.,Veritatis aliquid optio totam cum vitae impedit. Quis deleniti ducimus sapiente quibusdam veritatis cum.,33
3,0380F5E1,Nobis sapiente magni incidunt accusamus dignissimos temporibus.,Consectetur optio mollitia distinctio necessitatibus quis debitis. Quisquam exercitationem minus ipsam nemo. Temporibus eos deserunt quisquam officia aspernatur.,553
4,43700EA4,Vero dolorem natus praesentium harum corrupti dolores vel.,Reprehenderit incidunt ullam ipsam doloribus ipsum possimus quo. Tempore quasi veritatis repellat doloribus.,950
5,e895dE1F,Sapiente perspiciatis illo ea fuga.,Fuga deleniti qui autem repellendus fugit. Eos dolor porro dolores voluptatum. Dignissimos necessitatibus nesciunt esse sed.,975
6,9C0AdD3A,Maiores cumque labore eligendi facilis ipsa maiores ratione.,"Esse fugiat dolores a ea nemo. Ipsam consectetur tempora neque ipsam dolor. Culpa saepe iste dolor.
At et quidem earum ratione tempore enim. Odio excepturi fugiat amet temporibus alias.",478
7,dfe00AC7,Soluta omnis totam.,"Ad quidem quae eveniet praesentium. Labore expedita quis enim.
Rerum tempore autem possimus. Adipisci dolorum fugit excepturi id sunt.",933
8,5cFCEC19,Numquam impedit nobis enim sunt quam ullam dolore.,"Magni exercitationem molestias impedit debitis quos. Fugit optio totam nam ex.
Iusto minima ea rerum.",394
9,Ca3e3Eda,Ipsum sint suscipit.,"Nisi eligendi quidem et quia eos quisquam. Alias suscipit quo iure. Eum fugit quaerat incidunt corporis.
Itaque repellendus sit explicabo. Laborum sed incidunt minima aperiam vero.",958
10,21e4BcbA,Nulla harum nostrum pariatur quibusdam autem ullam veritatis.,"Tenetur eaque accusantium commodi. Ipsum nesciunt voluptatem adipisci labore debitis reprehenderit.
Necessitatibus itaque libero voluptas. Unde nisi quos praesentium nam.",832
11,C39AABFA,Voluptates soluta quos exercitationem nulla vero.,"Corporis harum quod recusandae temporibus.
Recusandae magnam iste. Atque magni recusandae quia ut.",657
12,FA1CacBa,Tempore nisi possimus.,Rerum repellendus aperiam. Facere consequatur nulla repellat consectetur voluptas accusamus. Quod quis voluptates esse adipisci vel alias repellendus. Consequatur ad ullam vitae perspiciatis dolorum.,240
13,5A8a16e7,Fugit quisquam saepe ad.,"Debitis a atque incidunt. Et corporis magnam veritatis laudantium eveniet ratione. A necessitatibus deserunt veritatis magnam.
Harum aut mollitia nulla commodi nostrum enim.",631
14,d67EE4ee,Beatae veniam vero quia rem dolorum atque.,"Placeat blanditiis quibusdam. Blanditiis at mollitia. Quia delectus ipsum.
Quaerat est ut recusandae illo dolorem. Provident delectus cumque atque occaecati sunt.",537
15,d596D579,Magnam aliquid atque non commodi.,"Blanditiis odio voluptates beatae culpa.
Suscipit delectus esse ipsa fugit officiis. Laboriosam aspernatur earum temporibus maiores alias deleniti. Repellendus ex delectus ipsam aliquid earum.",92
16,BfDd34cA,Nulla reiciendis fuga impedit.,Similique nemo officia nostrum a placeat ipsa dolorem. Dicta quam soluta. Quas ut ipsa nihil porro occaecati dolores.,646
17,94Aeafb4,Cupiditate id expedita placeat.,"Enim minus reiciendis numquam nam. Dolor nisi iste nisi vel voluptatibus doloribus voluptatibus.
Laboriosam corrupti incidunt iusto in. Optio corrupti repellat.",716
18,9702dfaA,Facere neque dolore quaerat ipsam ducimus eos.,Iure odio alias consequuntur iusto quod beatae. Ullam dolores quasi quam. Ratione hic et voluptatem.,606
19,CFfb8731,Consequatur asperiores quaerat architecto.,"Voluptas corrupti odit officiis.
Natus aspernatur dignissimos sapiente. Assumenda explicabo ratione facilis ipsam veniam. Ea adipisci voluptates sapiente maxime quos.",290
20,8BABfAcE,Laborum voluptates deserunt eum dicta harum unde explicabo.,Voluptas quo at inventore officiis dicta. Delectus nobis consequuntur similique. Reprehenderit nostrum architecto iste illum maxime sapiente. Blanditiis facere deleniti officia commodi occaecati.,59
21,cA5aF3BA,Consectetur soluta soluta similique delectus.,"Dolor atque assumenda ullam corporis nihil.
Voluptas corrupti facilis excepturi itaque minus. Dolores mollitia expedita qui rem inventore.",835
22,CCcd595A,Quia inventore cumque repellendus.,Quibusdam voluptatibus ullam veritatis. Quibusdam expedita facere architecto culpa. Nemo non perferendis laboriosam nisi quia quasi numquam.,792
23,Cd59FEaD,Vel voluptas possimus eveniet quibusdam nesciunt aut.,Quidem aliquid porro officia. Eos consequuntur quia similique fugit recusandae. Soluta optio quod minus perspiciatis dolorem.,882
24,E6E72e9C,Praesentium beatae fuga illum est.,"Id eaque labore eum.
Dignissimos qui voluptates cupiditate debitis libero. Nulla excepturi corporis tempora nesciunt facilis totam.",111
25,39D90E8F,Vel minus animi tempora dolorem cumque nihil consequuntur.,Atque maxime reiciendis. Sint iure porro. Corporis provident ducimus recusandae maxime veritatis sit.,133
26,47B6f35b,Totam fuga quis quae asperiores error.,"Aut nihil perferendis cum. Consectetur placeat laboriosam et dolor. Cum facere velit sapiente doloremque unde esse.
Inventore eius dignissimos omnis tempore doloremque.",652
27,14807fdc,Culpa nulla dolore porro tempora optio nulla.,Perspiciatis fuga quisquam ipsam quo. Iusto modi natus nisi et numquam fuga.,262
28,99E50C86,Commodi qui nobis fugit quo.,At maxime similique necessitatibus consequuntur quis commodi a. Eligendi incidunt quos laboriosam reiciendis nulla voluptatibus. Doloremque nostrum adipisci quod quasi delectus a laborum.,847
29,B2CBd81B,Architecto magni distinctio perspiciatis corrupti aliquid.,Dolore iste maiores earum. Voluptate consequatur nisi rerum incidunt eligendi aspernatur. Corporis quod vitae eius.,380
30,F3aCFE4f,Similique ex distinctio quibusdam molestiae corrupti.,Possimus dicta quam illum pariatur iusto. Veniam necessitatibus hic. Cum numquam cum aspernatur doloremque. Accusamus necessitatibus iusto ipsa vel eos.,532
31,11e0bdf8,Nostrum iure ut veniam ad.,Porro distinctio esse nisi ducimus. Dolore quibusdam ad error qui commodi. Dolorem laborum fugiat non aspernatur. Omnis velit harum error.,938
32,5fa1Abad,Praesentium reiciendis suscipit corporis exercitationem nulla ad.,Omnis odit accusamus. Quasi fugiat necessitatibus pariatur. Perferendis vitae maiores aperiam.,789
33,d3b3EDDc,Quae consequatur similique debitis fuga.,Quaerat fugiat provident laboriosam deserunt corrupti. Quam harum inventore nostrum. Laudantium rem magni officia vel doloribus magni. Tempora iusto sint dolorum.,493
34,24d1E961,Et sit blanditiis.,Cum consectetur non necessitatibus adipisci consequatur totam. Corporis ratione assumenda dicta illum.,751
35,4fadEB9a,Iure ratione quod nostrum laborum ad ducimus repellendus.,"Commodi quis minima commodi. Reprehenderit nisi accusantium.
Ratione dolorum minima dolores.",847
36,60FA4eBA,Rem incidunt quia minus doloribus tempora.,"Quae alias quibusdam perspiciatis amet excepturi. Atque corporis praesentium aliquid beatae officia alias.
Mollitia ducimus dolorum vitae ipsa quod assumenda maxime.",1
37,bCe02E2F,Repellendus nostrum accusantium sint vel recusandae accusantium.,Explicabo fugit fugiat ea quod cumque. Saepe vel quae amet molestias. Est quae eaque unde repellat odit.,551
38,9af8e012,Quibusdam blanditiis eius ipsam corrupti nam.,Perspiciatis nam sit saepe repellendus ab placeat molestias. Voluptatibus tempora nisi culpa. Mollitia aperiam esse harum fugiat labore.,519
39,4b15bf94,Accusantium laborum placeat excepturi sint.,"Quam aspernatur officia odit optio. Alias ducimus in vero voluptatem distinctio.
Provident rerum fuga eum incidunt. Nam fugiat nisi enim magnam accusantium quidem.",657
40,eDD9Eb2E,Saepe nulla distinctio.,Molestiae occaecati dolorem sequi non voluptate praesentium. Fugit eaque asperiores dolorem excepturi. Inventore doloremque minima voluptas.,778
41,5Dac2a6a,Qui dignissimos commodi voluptatem.,Animi recusandae harum deleniti repellat sequi. Porro deserunt quaerat temporibus repellendus odio. Laborum molestiae aliquam voluptate quod earum dolorem cumque.,630
42,bBBAafb4,Enim ducimus aspernatur necessitatibus repellat nemo.,Molestias voluptates fugit sapiente. Odit quod quidem vitae aliquid debitis. Modi doloribus suscipit incidunt consectetur exercitationem.,668
43,22AC56a5,Perspiciatis distinctio deserunt deserunt.,"Expedita voluptatem ad quibusdam harum. Rerum eius eos ullam sed. Dolore numquam corrupti vitae totam.
Aperiam ea quisquam aperiam sed. Explicabo beatae saepe fuga earum sequi dolore quas.",309
44,DCAAafDC,Voluptates velit occaecati modi magni consequatur vitae quod.,"Voluptatem culpa odit porro et suscipit aliquam ex. Vel quam dolor autem.
Quod debitis ipsam nisi. Voluptates veniam perferendis delectus ab.
Reiciendis officia nesciunt sed fugiat quaerat dolorem.",660
45,Dce730CE,Possimus exercitationem necessitatibus odio fuga illum voluptatum.,Cum vitae et iure facilis necessitatibus iure velit. Temporibus perferendis iusto deleniti incidunt quam sequi suscipit. Inventore fugiat repellat nemo voluptates modi.,754
46,Fa0FeA74,Molestias optio expedita.,"Soluta laborum dolorem odio. Minus laboriosam minus.
Vel sit libero architecto. Dolorum ea non corrupti.
Incidunt vel ex minus nisi soluta nostrum. Velit sunt reprehenderit harum eius sunt.",58
47,3cAeBfC1,Blanditiis unde qui sequi.,Dolorem atque ducimus magnam commodi aspernatur. Recusandae nulla voluptas. Ea veniam quas expedita.,675
48,0dd89C7A,Ipsam iure blanditiis dolorum distinctio.,"Nesciunt aliquam commodi repellat. Quod quisquam autem illo ipsa. Ea rerum iure.
Beatae quam laboriosam incidunt omnis.",226
49,199A0EeE,Delectus officiis laboriosam eos.,Culpa quisquam ducimus vitae dicta alias. Amet perferendis saepe laboriosam corrupti.,225
50,c6141B69,Id repellendus quam dolores ex laboriosam autem.,Tenetur doloribus omnis. Dolorum officiis totam. Quasi eius sunt eligendi. Provident perferendis eaque eum fugit soluta temporibus.,54
51,0f039eBe,Voluptas minima enim earum harum eius accusantium ducimus.,"Eligendi praesentium provident dolorem. Fugiat aperiam deleniti voluptates quas architecto porro.
Nostrum debitis odit.
Excepturi quod vitae nisi facere. Qui consectetur quae natus vel.",658
52,20DD1ea3,Officiis illo id architecto ab fugiat.,"Nisi nemo sapiente quo vero commodi esse praesentium. Accusantium cumque qui illo et.
Atque tempora ad architecto possimus ipsa.",320
53,87bF16e3,Voluptates cum necessitatibus illo error vel nihil corrupti.,"Omnis reiciendis sed aspernatur. Dicta quae reiciendis veritatis.
Ad voluptatibus sunt repudiandae. Laudantium non possimus blanditiis magni explicabo. Delectus id vero facilis.",393
54,a8D93CAc,Nihil totam suscipit tempora.,Mollitia praesentium quia consequatur cum ipsa placeat debitis. Officia numquam maxime ex sit nam. Non minus reprehenderit ducimus rerum. Harum explicabo ut eveniet consequuntur sunt ipsam.,380
55,aCeD0BBa,Fuga facilis corrupti.,Veritatis itaque iure tempora officiis rerum incidunt. Quaerat qui minus.,789
56,c47DeCf5,Suscipit quam voluptates aliquam eos quo reprehenderit.,"Quo eveniet dolore. Autem nam cupiditate illo id eligendi totam.
Eaque quis labore sunt culpa molestias aut distinctio. Ex perspiciatis rem minima omnis.",109
57,FdD6f485,Dicta non voluptatem amet.,Deleniti quae ducimus ad similique. Temporibus error eum praesentium tempora. Culpa quisquam laudantium quis accusantium.,643
58,a827F4CD,Numquam culpa repellat inventore quae consequuntur.,"Tenetur voluptas rem. Possimus vel alias repudiandae.
Praesentium asperiores vero nemo. Totam quos autem corrupti dolorum. Nulla cum corporis accusamus.",774
59,f8f4dE3A,Corporis eos eligendi tempora sunt odio doloribus delectus.,Itaque inventore veniam rem deleniti. Esse voluptatum consequuntur maiores asperiores. Quidem earum sint accusamus doloremque.,240
60,0c21b8cE,Possimus voluptatem quis nesciunt.,A officiis sapiente autem minus quidem. Iste omnis fugiat perspiciatis velit nesciunt. Voluptates doloribus recusandae optio saepe dicta repudiandae. Tenetur placeat soluta dolores.,994
61,7e61cCEE,Repudiandae ratione est sunt doloremque.,Quisquam tempora voluptatibus reiciendis. Nihil deleniti a facere nihil corrupti magnam. Veniam magnam deserunt consectetur enim cupiditate.,359
62,8344aA2d,Doloremque nulla veritatis voluptate perferendis veniam.,"Est accusamus non. Nam illum quas accusantium repellendus.
Vero temporibus ipsam temporibus ducimus. Ipsum sunt excepturi ducimus. Ea aspernatur autem quod.",32
63,a9ec2CfA,Sed eos unde magni.,"Tenetur vero fugiat. Doloremque molestias consequuntur exercitationem.
Minima nostrum ipsum perferendis ut explicabo sunt.",217
64,2EDf6dD6,Tempore voluptatibus debitis explicabo error.,"Tempora quaerat molestiae dolorum nostrum nemo eum. Repellat autem ducimus quasi.
Officiis ipsum eaque excepturi repellat. Doloremque nisi velit quas ex delectus expedita.",7
65,1F1AB207,Repellendus excepturi nesciunt voluptas deserunt a.,"Aliquam mollitia sint repellendus ad tempora debitis nisi. Laboriosam enim voluptates totam.
Non ad repudiandae neque expedita commodi ipsam accusantium.",481
66,bEDFB29C,Maxime veritatis neque illum.,Voluptatem corrupti nisi repudiandae. Eligendi occaecati numquam quis. Saepe vel libero iure quisquam nulla corporis reiciendis.,363
67,60cDbc95,Quos vitae doloremque dignissimos nobis accusamus.,Temporibus ut inventore excepturi natus suscipit eaque. Maiores aliquid quaerat. Impedit voluptates iste cum.,218
68,aFaAe1F4,Inventore error ratione explicabo alias.,"Amet officiis saepe debitis accusantium.
Ducimus id quis inventore quia. Ut ea harum velit fugit aspernatur libero.
Sint maxime sint nulla ex possimus.",555
69,DcbFaBda,Ex repellendus animi inventore blanditiis.,"Voluptatibus beatae possimus. Labore ut necessitatibus esse praesentium. Modi quaerat rerum temporibus cupiditate dolorum.
Tenetur laboriosam doloremque.
Vero quaerat illo aliquid tempore.",555
70,AEfDffF2,Corrupti saepe dicta maiores.,Unde nesciunt blanditiis dolores id. Cumque totam deserunt vitae nihil maiores occaecati. Eos ipsa ex enim numquam a.,880
71,A8312a0A,Voluptates voluptatum animi modi corporis.,Ullam ipsam deserunt similique voluptatum. Dolores similique possimus consequatur modi doloribus voluptates. Odit labore repellat in vero minima esse. Reprehenderit minus animi qui dolore sint.,848
72,2bE07C9C,Minima hic dicta aliquid eligendi.,"Praesentium tempore quia. Voluptatum tenetur vel maiores maxime. Perferendis fugit tempora eveniet ab.
Voluptates ipsum placeat labore.",404
73,a71bB9E3,Eaque ea alias nam ratione asperiores.,Veniam blanditiis optio corporis rem. Sunt autem sed tempora iure asperiores veniam tempore.,281
74,cDF93A2f,Velit excepturi accusamus eos repellendus iste delectus.,"Assumenda quisquam totam eius. Cum vero doloremque libero fugiat.
Quis ratione pariatur. Vitae maxime corporis libero quam.",925
75,f3237825,Repellendus accusantium modi eos eveniet dolorem.,"Id libero adipisci ab et veniam.
Et accusantium quos quod. Repellat modi maiores distinctio. Officiis corporis nobis illo minus officiis repudiandae.",110
76,dBcdA3aF,Dolores nihil vitae voluptatibus hic placeat beatae.,Beatae voluptate recusandae quos illo praesentium. Rerum ea consequatur iusto mollitia quas explicabo. Velit amet ex.,242
77,DFcAD8bB,Doloribus aliquam omnis mollitia.,"Quasi ex voluptas. Accusantium amet quia voluptas et necessitatibus.
Quam sint consectetur soluta. Corrupti modi labore non quibusdam. Ullam repellat tenetur expedita unde accusantium dicta.",966
78,e2420fCA,Beatae distinctio similique accusamus nulla optio.,Magni voluptates doloremque quisquam facilis quasi tempore qui. Dolore maiores eius necessitatibus tempore.,981
79,42D0EBaF,In excepturi ut laudantium.,"Aliquid velit accusamus in laboriosam optio voluptates. Incidunt voluptate nulla animi quos tempora repellat aliquid.
Consequuntur asperiores est. Excepturi quas totam ut.",48
80,57BF5df3,Deserunt quibusdam facilis.,"Ea neque alias suscipit dolor nulla.
Veritatis eveniet perspiciatis odit. At quae quo sint.",819
81,02b28c2b,Facilis iste excepturi odio.,Dolores a iusto voluptas vero explicabo dolorem. Modi doloribus deleniti veritatis aut voluptates unde.,523
82,d0E68bDD,Expedita animi consequuntur laboriosam.,Temporibus est adipisci aperiam. Impedit corrupti officia at ipsam incidunt neque. Harum nisi magni delectus qui.,174
83,3cDfe90c,Quia neque asperiores impedit similique voluptatum dolores.,"A quas perferendis ut eos at sed.
Culpa perferendis ad dolore nihil earum deleniti. Consequatur iste incidunt rem velit itaque voluptate.",353
84,c366Ea37,Recusandae dolore non ex soluta in temporibus.,"At accusamus corporis fugiat earum. Perspiciatis aliquid eius.
Expedita vero consectetur rerum eius exercitationem. Voluptas voluptatem veritatis incidunt voluptate.",519
85,2E305BAe,Praesentium nihil hic eius minus commodi quaerat.,Labore tempore illum commodi vel dolor velit. Odit inventore magnam. Animi ratione eligendi. Minima itaque voluptatibus harum accusantium possimus maiores.,945
86,958EdAdE,Necessitatibus facere consequatur odio.,"Iure porro aut minus non quae odio. Et dicta incidunt rem nostrum.
Dignissimos dignissimos praesentium vero nisi perspiciatis sit. Dolores excepturi dolorum. Doloremque ipsam provident.",806
87,4Ddb6B13,Iure adipisci id repudiandae.,"Voluptatem voluptatibus occaecati et nihil quae esse. Praesentium ullam voluptatem.
Earum dolorum consequatur vel. Doloribus laboriosam error quaerat nam.",272
88,8b95Db5d,Ullam explicabo reiciendis similique odit ab.,Fuga enim culpa reiciendis fugit. Ratione exercitationem asperiores mollitia perspiciatis omnis. Nostrum quas harum assumenda accusantium repellat.,932
89,624Eb6eE,Fugiat voluptatibus molestias amet tempore consequatur distinctio.,"Vitae qui vitae suscipit reprehenderit vitae illo. Pariatur nihil maiores quisquam inventore.
Corporis nisi earum laudantium. Quam alias eum fugit sit architecto.",756
90,a2b9FfdB,Ipsa omnis maiores commodi iusto beatae repudiandae.,Quaerat neque aliquam itaque earum laboriosam. Optio ad nam accusamus nemo a deserunt.,208
91,1b160DBF,Sequi voluptate provident.,"Similique culpa ipsum voluptate asperiores nobis.
Consequatur aperiam dignissimos dolorum. Earum aut asperiores laborum architecto quia.
Pariatur quam veniam magnam. Cumque veritatis minima id.",499
92,12EbC1dc,Dicta aliquam rem soluta nulla.,Quo voluptatum ipsa explicabo at blanditiis voluptatem eius. Labore assumenda maxime tempora nihil dolorem. Tenetur quia reprehenderit ad officiis.,240
93,1ae719A5,Repellat pariatur magni in iusto possimus.,"Sit iusto cumque exercitationem culpa id odit quisquam. Deserunt corporis enim accusamus quisquam.
Beatae minima ab fugit eaque odit.",96
94,D3DDD4B3,Dolore distinctio expedita nihil consectetur accusamus inventore.,"Pariatur optio eligendi placeat esse hic fugit. Aliquam enim sed nisi.
Quae excepturi accusamus veritatis dolor.",86
95,cB91BD44,Delectus itaque ratione.,Tempora reiciendis cum sed unde id rem perspiciatis. Repellat quam cum commodi quam. Laborum vitae culpa itaque sequi veritatis.,804
96,acA02FF3,Corporis fugit dolore mollitia esse.,Cum cumque ipsam. Placeat et quos ex maxime. Rem cumque voluptatum ducimus qui. Ipsum consectetur blanditiis.,663
97,C0d8aAc1,Saepe soluta eaque quam velit exercitationem.,Accusantium consequuntur amet reiciendis eaque dolore numquam. Commodi omnis delectus nesciunt optio occaecati. Aut nobis accusamus ut quaerat quae.,565
98,fecDbbfb,Illo earum numquam eveniet deserunt possimus molestiae.,Veritatis est atque dicta occaecati earum alias. Unde assumenda veritatis facere veniam adipisci. Saepe saepe harum accusamus minus.,924
99,faeDe05d,Laudantium corrupti sapiente tempore possimus et accusantium rem.,"Eius quisquam soluta illum.
Esse asperiores quas voluptas. Maxime ipsum sequi id nihil. Temporibus excepturi molestias quia voluptate laudantium.
Ipsa omnis hic ea soluta.",69
